molecule_chembl_id,canonical_smiles,standard_value,bioactivity_class
CHEMBL32704,CCCC(NC(=O)[C@@H]1C[C@@H](OC(=O)N2CCc3ccccc3C2)CN1C(=O)[C@H](NC(=O)[C@H](NC(=O)c1cnccn1)C(C)C)C(C)C)C(=O)C(=O)NCCc1ccccc1,520.0,active
CHEMBL33248,CCCC(NC(=O)[C@@H]1C[C@@H](OC(=O)N2CCc3ccccc3C2)CN1C(=O)[C@H](NC(=O)[C@H](NC(=O)c1cnccn1)C(C)C)C(C)C)C(=O)C(=O)NCc1ccccc1,220.0,active
CHEMBL285069,CCCC(NC(=O)[C@@H]1C[C@@H](OC(=O)N2CCc3ccccc3C2)CN1C(=O)[C@H](NC(=O)[C@H](NC(=O)c1cnccn1)C(C)C)C(C)C)C(=O)C(=O)N[C@@H](C)c1ccccc1,220.0,active
CHEMBL286124,CCCC(NC(=O)[C@@H]1C[C@@H](OC(=O)N2CCc3ccccc3C2)CN1C(=O)[C@H](NC(=O)[C@H](NC(=O)c1cnccn1)C(C)C)C(C)C)C(=O)C(=O)NC1CC1,420.0,active
CHEMBL285686,CCCC(NC(=O)[C@@H]1C[C@@H](OC(=O)N2CCc3ccccc3C2)CN1C(=O)[C@H](NC(=O)[C@H](NC(=O)c1cnccn1)C(C)C)C(C)C)C(=O)C(=O)c1ccccc1,26.0,active
CHEMBL284771,CCCC(NC(=O)[C@@H]1C[C@@H](OC(=O)N2CCc3ccccc3C2)CN1C(=O)[C@H](NC(=O)[C@H](NC(=O)c1cnccn1)C(C)C)C(C)C)C(=O)C(=O)N[C@@H](C)C(=O)c1cccc2ccccc12,750.0,active
CHEMBL423300,CCCC(NC(=O)[C@@H]1C[C@@H](OC(=O)N2CCc3ccccc3C2)CN1C(=O)[C@H](NC(=O)[C@H](NC(=O)c1cnccn1)C(C)C)C(C)C)C(=O)C(=O)NC(C)C(=O)O,130.0,active
CHEMBL285260,CCCC(NC(=O)[C@@H]1C[C@@H](OC(=O)N2CCc3ccccc3C2)CN1C(=O)[C@H](NC(=O)[C@H](NC(=O)c1cnccn1)C(C)C)C(C)C)C(=O)C(=O)NCC(=O)O,37.0,active
CHEMBL116118,CC[C@@H]1C(=O)N(C(C)=O)[C@H]2CCN(C(=O)[C@@H](NC(=O)OC(C)(C)C)C(C)C)[C@H]12,99000.0,inactive
CHEMBL116118,CC[C@@H]1C(=O)N(C(C)=O)[C@H]2CCN(C(=O)[C@@H](NC(=O)OC(C)(C)C)C(C)C)[C@H]12,28000.0,inactive
CHEMBL116118,CC[C@@H]1C(=O)N(C(C)=O)[C@H]2CCN(C(=O)[C@@H](NC(=O)OC(C)(C)C)C(C)C)[C@H]12,341000.0,inactive
CHEMBL116118,CC[C@@H]1C(=O)N(C(C)=O)[C@H]2CCN(C(=O)[C@@H](NC(=O)OC(C)(C)C)C(C)C)[C@H]12,172000.0,inactive
CHEMBL111936,CCC1C(=O)N(S(C)(=O)=O)[C@H]2CCN(C(=O)[C@@H](NC(=O)[C@@H](NC(=O)[C@H](CC(=O)O)NC(=O)[C@H](CCC(=O)O)NC(C)=O)C(C)C)C(C)C)[C@H]12,69000.0,inactive
CHEMBL111936,CCC1C(=O)N(S(C)(=O)=O)[C@H]2CCN(C(=O)[C@@H](NC(=O)[C@@H](NC(=O)[C@H](CC(=O)O)NC(=O)[C@H](CCC(=O)O)NC(C)=O)C(C)C)C(C)C)[C@H]12,19000.0,inactive
CHEMBL111936,CCC1C(=O)N(S(C)(=O)=O)[C@H]2CCN(C(=O)[C@@H](NC(=O)[C@@H](NC(=O)[C@H](CC(=O)O)NC(=O)[C@H](CCC(=O)O)NC(C)=O)C(C)C)C(C)C)[C@H]12,69000.0,inactive
CHEMBL111936,CCC1C(=O)N(S(C)(=O)=O)[C@H]2CCN(C(=O)[C@@H](NC(=O)[C@@H](NC(=O)[C@H](CC(=O)O)NC(=O)[C@H](CCC(=O)O)NC(C)=O)C(C)C)C(C)C)[C@H]12,400000.0,inactive
CHEMBL111936,CCC1C(=O)N(S(C)(=O)=O)[C@H]2CCN(C(=O)[C@@H](NC(=O)[C@@H](NC(=O)[C@H](CC(=O)O)NC(=O)[C@H](CCC(=O)O)NC(C)=O)C(C)C)C(C)C)[C@H]12,284000.0,inactive
CHEMBL326331,CC[C@H]1C(=O)N(S(C)(=O)=O)[C@H]2CCN(C(=O)[C@@H](NC(=O)OC(C)(C)C)C(C)C)[C@H]12,45000.0,inactive
CHEMBL326331,CC[C@H]1C(=O)N(S(C)(=O)=O)[C@H]2CCN(C(=O)[C@@H](NC(=O)OC(C)(C)C)C(C)C)[C@H]12,88000.0,inactive
CHEMBL326331,CC[C@H]1C(=O)N(S(C)(=O)=O)[C@H]2CCN(C(=O)[C@@H](NC(=O)OC(C)(C)C)C(C)C)[C@H]12,193000.0,inactive
CHEMBL326331,CC[C@H]1C(=O)N(S(C)(=O)=O)[C@H]2CCN(C(=O)[C@@H](NC(=O)OC(C)(C)C)C(C)C)[C@H]12,194000.0,inactive
CHEMBL112200,CCC1C(=O)N(S(C)(=O)=O)[C@H]2CCN(C(=O)[C@@H](NC(=O)OC(C)(C)C)C(C)C)[C@H]12,27000.0,inactive
CHEMBL112200,CCC1C(=O)N(S(C)(=O)=O)[C@H]2CCN(C(=O)[C@@H](NC(=O)OC(C)(C)C)C(C)C)[C@H]12,62000.0,inactive
CHEMBL112200,CCC1C(=O)N(S(C)(=O)=O)[C@H]2CCN(C(=O)[C@@H](NC(=O)OC(C)(C)C)C(C)C)[C@H]12,182000.0,inactive
CHEMBL112200,CCC1C(=O)N(S(C)(=O)=O)[C@H]2CCN(C(=O)[C@@H](NC(=O)OC(C)(C)C)C(C)C)[C@H]12,140000.0,inactive
CHEMBL115136,CC[C@H]1C(=O)N(C(C)=O)[C@H]2CCN(C(=O)[C@@H](NC(=O)OC(C)(C)C)C(C)C)[C@H]12,400000.0,inactive
CHEMBL115136,CC[C@H]1C(=O)N(C(C)=O)[C@H]2CCN(C(=O)[C@@H](NC(=O)OC(C)(C)C)C(C)C)[C@H]12,147000.0,inactive
CHEMBL115136,CC[C@H]1C(=O)N(C(C)=O)[C@H]2CCN(C(=O)[C@@H](NC(=O)OC(C)(C)C)C(C)C)[C@H]12,216000.0,inactive
CHEMBL115136,CC[C@H]1C(=O)N(C(C)=O)[C@H]2CCN(C(=O)[C@@H](NC(=O)OC(C)(C)C)C(C)C)[C@H]12,447000.0,inactive
CHEMBL419930,CC[C@@H]1C(=O)N(S(C)(=O)=O)[C@H]2CCN(C(=O)[C@@H](NC(=O)OC(C)(C)C)C(C)C)[C@H]12,30000.0,inactive
CHEMBL419930,CC[C@@H]1C(=O)N(S(C)(=O)=O)[C@H]2CCN(C(=O)[C@@H](NC(=O)OC(C)(C)C)C(C)C)[C@H]12,22000.0,inactive
CHEMBL2370184,CCC[C@H](NC(=O)[C@@H]1CCCN1C(=O)[C@@H](NC(=O)[C@@H](NC(=O)[C@@H](CC(=O)O)NC(=O)[C@H](CC(=O)O)NC(C)=O)[C@@H](C)CC)C(C)C)C(=O)C(=O)NCc1ccccc1,640.0,active
CHEMBL2370173,CCC[C@@H](NC(=O)[C@@H]1CCCN1C(=O)[C@@H](NC(=O)[C@@H](NC(=O)[C@@H](CC(=O)O)NC(=O)[C@H](CC(=O)O)NC(C)=O)[C@@H](C)CC)C(C)C)C(N)=O,1000000.0,inactive
CHEMBL1790295,CC[C@H](C)[C@H](NC(=O)[C@H](CC(=O)O)NC(=O)[C@H](CC(=O)O)NC(C)=O)C(=O)N[C@H](C(=O)N1CCC[C@H]1C(=O)N[C@@H](C)C(=O)O)C(C)C,750000.0,inactive
CHEMBL2311162,CCC[C@H](NC(=O)[C@@H]1CCCN1C(=O)[C@@H](NC(=O)[C@@H](NC(=O)[C@H](CC(=O)O)NC(=O)[C@H](CC(=O)O)NC(C)=O)[C@@H](C)CC)C(C)C)C(=O)C(F)(F)F,160000.0,inactive
CHEMBL2370191,CCC[C@H](NC(=O)[C@@H]1CCCN1C(=O)[C@@H](NC(=O)[C@@H](NC(=O)[C@H](CC(=O)O)NC(=O)[C@H](CC(=O)O)NC(C)=O)[C@@H](C)CC)C(C)C)C(=O)C(F)(F)C(F)(F)F,79000.0,inactive
CHEMBL2370188,CCCC[C@H](NC(=O)[C@@H]1CCCN1C(=O)[C@@H](NC(=O)[C@@H](NC(=O)[C@H](CC(=O)O)NC(=O)[C@H](CC(=O)O)NC(C)=O)[C@@H](C)CC)C(C)C)C(=O)O,500000.0,inactive
CHEMBL2370189,CCC[C@@H](NC(=O)[C@@H]1CCCN1C(=O)[C@@H](NC(=O)[C@@H](NC(=O)[C@@H](CC(=O)O)NC(=O)[C@H](CC(=O)O)NC(C)=O)[C@@H](C)CC)C(C)C)C(=O)NCc1ccccc1,52000.0,inactive
CHEMBL2370177,CC[C@H](C)[C@H](NC(=O)[C@@H]1CCCN1C(=O)[C@@H](NC(=O)[C@@H](NC(=O)[C@H](CC(=O)O)NC(=O)[C@H](CC(=O)O)NC(C)=O)[C@@H](C)CC)C(C)C)C(=O)O,780000.0,inactive
CHEMBL2370192,CCC[C@H](NC(=O)[C@@H]1CCCN1C(=O)[C@@H](NC(=O)[C@@H](NC(=O)[C@@H](CC(=O)O)NC(=O)[C@H](CC(=O)O)NC(C)=O)[C@@H](C)CC)C(C)C)C(=O)C(F)(F)C(F)(F)F,12000.0,inactive
CHEMBL2370193,CCC[C@@H](C=O)NC(=O)[C@@H]1CCCN1C(=O)[C@@H](NC(=O)[C@@H](NC(=O)[C@@H](CC(=O)O)NC(=O)[C@H](CC(=O)O)NC(C)=O)[C@@H](C)CC)C(C)C,1100.0,intermediate
CHEMBL295605,CC[C@H](C)[C@H](NC(=O)[C@H](CC(=O)O)NC(=O)[C@H](CC(=O)O)NC(C)=O)C(=O)N[C@H](C(=O)N1CCC[C@H]1C(=O)N[C@@H](CS)C(=O)O)C(C)C,28000.0,inactive
CHEMBL2370178,CC[C@H](NC(=O)[C@@H]1CCCN1C(=O)[C@@H](NC(=O)[C@@H](NC(=O)[C@H](CC(=O)O)NC(=O)[C@H](CC(=O)O)NC(C)=O)[C@@H](C)CC)C(C)C)C(=O)O,250000.0,inactive
CHEMBL2370172,CCC[C@@H](NC(=O)[C@@H]1CCCN1C(=O)[C@@H](NC(=O)[C@@H](NC(=O)[C@@H](CC(=O)O)NC(=O)[C@H](CC(=O)O)NC(C)=O)[C@@H](C)CC)C(C)C)C(=O)NC,160000.0,inactive
CHEMBL2370174,CCC[C@@H](NC(=O)[C@@H]1CCCN1C(=O)[C@@H](NC(=O)[C@@H](NC(=O)[C@@H](CC(=O)O)NC(=O)[C@H](CC(=O)O)NC(C)=O)[C@@H](C)CC)C(C)C)C(=O)OC,17000.0,inactive
CHEMBL2370187,CC[C@@H](C)[C@H](NC(=O)[C@@H]1CCCN1C(=O)[C@@H](NC(=O)[C@@H](NC(=O)[C@H](CC(=O)O)NC(=O)[C@H](CC(=O)O)NC(C)=O)[C@@H](C)CC)C(C)C)C(=O)O,190000.0,inactive
CHEMBL310738,CCC[C@H](NC(=O)[C@@H]1CCCN1C(=O)[C@@H](NC(=O)[C@@H](NC(=O)[C@@H](CC(=O)O)NC(=O)[C@H](CC(=O)O)NC(C)=O)[C@@H](C)CC)C(C)C)C(=O)C(F)(F)F,22000.0,inactive
CHEMBL2370195,CC[C@H](C)[C@H](NC(=O)[C@H](CC(=O)O)NC(=O)[C@H](CC(=O)O)NC(C)=O)C(=O)N[C@H](C(=O)N1CCC[C@H]1C(=O)N[C@@H](CC(C)C)C(=O)O)C(C)C,800000.0,inactive
CHEMBL306027,CCC[C@H](NC(=O)[C@@H]1CCCN1C(=O)[C@@H](NC(=O)[C@@H](NC(=O)[C@@H](CC(=O)O)NC(=O)[C@H](CC(=O)O)NC(C)=O)[C@@H](C)CC)C(C)C)C(=O)O,17000.0,inactive
CHEMBL2370196,CCC[C@@H](C=O)NC(=O)[C@@H]1CCCN1C(=O)[C@@H](NC(=O)[C@@H](NC(=O)[C@H](CC(=O)O)NC(=O)[C@H](CC(=O)O)NC(C)=O)[C@@H](C)CC)C(C)C,10000.0,inactive
CHEMBL2370179,CCC[C@H](NC(=O)[C@@H]1CCCN1C(=O)[C@@H](NC(=O)[C@@H](NC(=O)[C@H](CC(=O)O)NC(=O)[C@H](CC(=O)O)NC(C)=O)[C@@H](C)CC)C(C)C)C(=O)C(=O)NCc1ccccc1,2000.0,intermediate
CHEMBL2370176,CCC[C@H](CO)NC(=O)[C@@H]1CCCN1C(=O)[C@@H](NC(=O)[C@@H](NC(=O)[C@@H](CC(=O)O)NC(=O)[C@H](CC(=O)O)NC(C)=O)[C@@H](C)CC)C(C)C,280000.0,inactive
CHEMBL72695,CCC[C@H](NC(=O)[C@@H]1CCCN1C(=O)[C@@H](NC(=O)[C@@H](NC(=O)[C@H](CC(=O)O)NC(=O)[C@H](CC(=O)O)NC(C)=O)[C@@H](C)CC)C(C)C)C(=O)O,150000.0,inactive
CHEMBL2370171,CCC[C@@H](NC(=O)[C@@H]1CCCN1C(=O)[C@@H](NC(=O)[C@@H](NC(=O)[C@@H](CC(=O)O)NC(=O)[C@H](CC(=O)O)NC(C)=O)[C@@H](C)CC)C(C)C)C(=O)OCc1ccccc1,9300.0,intermediate
CHEMBL116193,COC(=O)c1ccc(CCNC(=O)C(CS)NC(=O)[C@H](CC(C)C)NC(=O)C(CCC(=O)O)NC(=O)OCC(C)C)cc1,17000.0,inactive
CHEMBL116690,CC(C)C[C@@H](NC(=O)[C@H](NC(=O)OC(C)(C)C)C(C)C)C(=O)N[C@H](CC(F)F)C(=O)C(=O)O,460.0,active
CHEMBL214100,CC(=O)N[C@@H](CC(=O)O)C(=O)N[C@@H](CCC(=O)O)C(=O)N[C@H](C(=O)N[C@@H](CCC(=O)O)C(=O)N[C@@H](CC1CCCCC1)C(=O)N[C@@H](CS)C(=O)NCCCc1ccccc1)C(c1ccccc1)c1ccccc1,210.0,active
CHEMBL421233,CC(=O)N[C@@H](CC(=O)O)C(=O)N[C@@H](CCC(=O)O)C(=O)N[C@H](C(=O)N[C@@H](CCC(=O)O)C(=O)N[C@@H](CC1CCCCC1)C(=O)N[C@@H](CC(F)F)C(=O)O)C(c1ccccc1)c1ccccc1,40.0,active
CHEMBL406457,CC(=O)N[C@@H](CC(=O)O)C(=O)N[C@@H](CCC(=O)O)C(=O)N[C@H](C(=O)N[C@@H](CCC(=O)O)C(=O)N[C@@H](CC1CCCCC1)C(=O)N[C@@H](CC(F)F)C(=O)C(=O)NCc1ccccc1)C(c1ccccc1)c1ccccc1,2.0,active
CHEMBL216266,CC(=O)N[C@@H](CC(=O)O)C(=O)N[C@@H](CCC(=O)O)C(=O)N[C@H](C(=O)N[C@@H](CCC(=O)O)C(=O)N[C@@H](CC1CCCCC1)C(=O)N[C@@H](CC(F)F)C(=O)NOCc1ccccc1)C(c1ccccc1)c1ccccc1,40.0,active
CHEMBL325232,CC(C)C[C@H](NC(=O)C(CCC(=O)O)NC(=O)OC(C)(C)C)C(=O)N[C@@H](CS)C(=O)NCc1ccccc1,200000.0,inactive
CHEMBL265015,CC(=O)N[C@@H](CC(=O)O)C(=O)N[C@@H](CCC(=O)O)C(=O)N[C@H](C(=O)N[C@@H](CCC(=O)O)C(=O)N[C@@H](CC1CCCCC1)C(=O)N[C@@H](CS)C(=O)NCCc1ccccc1)C(c1ccccc1)c1ccccc1,7.0,active
CHEMBL326056,CC(C)COC(=O)NC(CCC(=O)O)C(=O)N[C@@H](CC(C)C)C(=O)NC(CS)C(=O)NCCc1ccccc1C(=O)O,100000.0,inactive
CHEMBL263598,CC(=O)N[C@@H](CC(=O)O)C(=O)N[C@@H](CCC(=O)O)C(=O)N[C@H](C(=O)N[C@@H](CCC(=O)O)C(=O)N[C@@H](CC1CCCCC1)C(=O)N[C@@H](CS)C(=O)NCc1ccccc1)C(c1ccccc1)c1ccccc1,250.0,active
CHEMBL263172,CC(=O)N[C@@H](CC(=O)O)C(=O)N[C@@H](CCC(=O)O)C(=O)N[C@H](C(=O)N[C@@H](CCC(=O)O)C(=O)N[C@@H](CC1CCCCC1)C(=O)N[C@@H](CS)C(=O)NCCc1ccccc1Cl)C(c1ccccc1)c1ccccc1,2.0,active
CHEMBL117986,CC(C)C[C@H](NC(=O)[C@H](CCC(=O)O)NC(=O)CCc1ccccc1)C(=O)N[C@@H](CS)C(=O)NCCc1ccccc1,40000.0,inactive
CHEMBL420317,CC(C)C[C@H](NC(=O)[C@@H](NC(=O)OCc1ccccc1)C(C)C)C(=O)N[C@@H](CS)C(=O)NCCc1ccccc1,400000.0,inactive
CHEMBL265298,CC(=O)N[C@@H](CC(=O)O)C(=O)N[C@@H](CCC(=O)O)C(=O)N[C@H](C(=O)N[C@@H](CCC(=O)O)C(=O)N[C@@H](CC1CCCCC1)C(=O)N[C@@H](CS)C(=O)NC1Cc2ccccc2C1)C(c1ccccc1)c1ccccc1,1700.0,intermediate
CHEMBL2370491,CC(C)C[C@H](NC(=O)[C@H](CCC(=O)O)NC(=O)OC(C)(C)C)C(=O)N[C@@H](CS)C(=O)O,200000.0,inactive
CHEMBL325667,COC(=O)c1ccccc1CCNC(=O)C(CS)NC(=O)[C@H](CC(C)C)NC(=O)C(CCC(=O)O)NC(=O)OCC(C)C,54000.0,inactive
CHEMBL324117,COC(=O)c1cccc(CCNC(=O)C(CS)NC(=O)[C@H](CC(C)C)NC(=O)C(CCC(=O)O)NC(=O)OCC(C)C)c1,25000.0,inactive
CHEMBL115574,CC(C)C[C@H](NC(=O)C(CCC(=O)O)NC(=O)OC(C)(C)C)C(=O)N[C@@H](CS)C(=O)NCCc1ccccc1,27000.0,inactive
CHEMBL116398,CC(C)COC(=O)NC(CCC(=O)O)C(=O)N[C@@H](CC(C)C)C(=O)NC(CS)C(=O)NCCc1cccc(C(=O)O)c1,9200.0,intermediate
CHEMBL409677,CC(=O)N[C@@H](CC(=O)O)C(=O)N[C@@H](CCC(=O)O)C(=O)N[C@H](C(=O)N[C@@H](CCC(=O)O)C(=O)N[C@@H](CC1CCCCC1)C(=O)N[C@@H](CC(F)F)C(=O)NCCc1ccccc1)C(c1ccccc1)c1ccccc1,4.0,active
CHEMBL263695,CC(=O)N[C@@H](CC(=O)O)C(=O)N[C@@H](CCC(=O)O)C(=O)N[C@H](C(=O)N[C@@H](CCC(=O)O)C(=O)N[C@@H](CC1CCCCC1)C(=O)N[C@@H](CS)C(=O)Nc1ccccc1C1CC1)C(c1ccccc1)c1ccccc1,1500.0,intermediate
CHEMBL264008,CC(=O)N[C@@H](CC(=O)O)C(=O)N[C@@H](CCC(=O)O)C(=O)N[C@H](C(=O)N[C@@H](CCC(=O)O)C(=O)N[C@@H](CC1CCCCC1)C(=O)N[C@@H](CS)C(=O)NCCC1CCCCC1)C(c1ccccc1)c1ccccc1,1540.0,intermediate
CHEMBL326490,CC(C)COC(=O)NC(CCC(=O)O)C(=O)N[C@@H](CC(C)C)C(=O)NC(CS)C(=O)NCCc1ccc(C(=O)O)cc1Cl,700.0,active
CHEMBL116143,CC(C)COC(=O)NC(CCC(=O)O)C(=O)N[C@@H](CC(C)C)C(=O)NC(CS)C(=O)NCCc1ccccc1,19000.0,inactive
CHEMBL267752,CC(=O)N[C@@H](CC(=O)O)C(=O)N[C@@H](CCC(=O)O)C(=O)N[C@H](C(=O)N[C@@H](CCC(=O)O)C(=O)N[C@@H](CC1CCCCC1)C(=O)N[C@@H](CS)C(=O)N(C)CCc1ccccc1)C(c1ccccc1)c1ccccc1,70000.0,inactive
CHEMBL116399,CC(C)C[C@H](NC(=O)C(CCC(=O)O)NC(=O)OC(C)(C)C)C(=O)N[C@@H](CS)C(=O)NCCc1ccccc1Cl,6500.0,intermediate
CHEMBL332056,CC(C)COC(=O)NC(CCC(=O)O)C(=O)N[C@@H](CC(C)C)C(=O)NC(CS)C(=O)NCCc1ccc(C(=O)O)cc1,2000.0,intermediate
CHEMBL116239,COC(=O)c1ccc(CCNC(=O)C(CS)NC(=O)[C@H](CC(C)C)NC(=O)C(CCC(=O)O)NC(=O)OCC(C)C)c(Cl)c1,3200.0,intermediate
CHEMBL320324,CC(C)C[C@H](NC(=O)[C@@H](NC(=O)OC(C)(C)C)C1CCCC1)C(=O)N[C@@H](CC(F)F)C(=O)C(=O)O,380.0,active
CHEMBL113467,CC(C)C[C@H](NC(=O)[C@H](O)c1ccc(Cl)cc1)C(=O)N[C@@H](CC(F)F)C(=O)C(=O)O,13000.0,inactive
CHEMBL420303,CC(C)C[C@H](NC(=O)[C@H](O)C1CCCCC1)C(=O)N[C@@H](CC(F)F)C(=O)C(=O)O,7000.0,intermediate
CHEMBL323980,CC(C)C[C@H](NC(=O)[C@H](O)c1ccc(C(F)(F)F)cc1)C(=O)N[C@@H](CC(F)F)C(=O)C(=O)O,28000.0,inactive
CHEMBL69077,CC(C)C[C@H](NC(=O)[C@H](O)c1ccccc1)C(=O)N[C@@H](CC(F)F)C(=O)C(=O)O,3000.0,intermediate
CHEMBL112053,CC(C)C[C@H](NC(=O)Cn1nc(-c2ccccc2)c2ccccc2c1=O)C(=O)N[C@@H](CC(F)F)C(=O)C(=O)O,200000.0,inactive
CHEMBL113402,CC(C)C[C@H](NC(=O)CC(c1ccccc1)c1ccccc1)C(=O)N[C@@H](CC(F)F)C(=O)C(=O)O,200000.0,inactive
CHEMBL332245,COc1ccc([C@@H](O)C(=O)N[C@@H](CC(C)C)C(=O)N[C@@H](CC(F)F)C(=O)C(=O)O)cc1,13000.0,inactive
CHEMBL115275,COc1ccc(C(=O)N[C@@H](CC(C)C)C(=O)N[C@@H](CC(F)F)C(=O)C(=O)O)c(OC)c1OC,200000.0,inactive
CHEMBL115495,COc1ccc(C(Oc2ccccc2)C(=O)N[C@@H](CC(C)C)C(=O)N[C@@H](CC(F)F)C(=O)C(=O)O)cc1,18000.0,inactive
CHEMBL112557,CC(C)C[C@H](NC(=O)[C@H](O)c1ccccc1Cl)C(=O)N[C@@H](CC(F)F)C(=O)C(=O)O,41000.0,inactive
CHEMBL115621,CC(C)C[C@H](NC(=O)[C@@H](O)c1ccccc1)C(=O)N[C@@H](CC(F)F)C(=O)C(=O)O,100000.0,inactive
CHEMBL420133,CC(C)C[C@H](NC(=O)c1cccc(Oc2ccccc2)c1)C(=O)N[C@@H](CC(F)F)C(=O)C(=O)O,200000.0,inactive
CHEMBL115359,CC(C)C[C@H](NC(=O)C(Cc1ccccc1)c1ccccc1)C(=O)N[C@@H](CC(F)F)C(=O)C(=O)O,30000.0,inactive
CHEMBL114125,CC(C)C[C@H](NC(=O)[C@H](O)c1cccs1)C(=O)N[C@@H](CC(F)F)C(=O)C(=O)O,18000.0,inactive
CHEMBL112067,CC(C)C[C@H](NC(=O)Cn1c(-c2ccccc2)nc2ccccc21)C(=O)N[C@@H](CC(F)F)C(=O)C(=O)O,200000.0,inactive
CHEMBL112992,CC(C)C[C@H](NC(=O)C(Sc1ccccc1)c1ccccc1)C(=O)N[C@@H](CC(F)F)C(=O)C(=O)O,7000.0,intermediate
CHEMBL405033,COc1cccc(CNC(=O)C(=O)[C@@H](CC(F)(F)F)NC(=O)[C@H](CC(C)C)NC(=O)[C@@H](NC(=O)[C@H](Cc2ccccc2C)NC(=O)[C@H](CCC(=O)O)NC(=O)[C@H](CC(=O)O)NC(=O)CCC(=O)O)C(C)(C)C)c1,6.0,active
CHEMBL412493,CC[C@H](NC(=O)C(=O)[C@@H](CC(F)(F)F)NC(=O)[C@H](CC(C)C)NC(=O)[C@@H](NC(=O)[C@H](Cc1ccccc1C)NC(=O)[C@H](CCC(=O)O)NC(=O)[C@H](CC(=O)O)NC(=O)CCC(=O)O)C(C)(C)C)c1ccc2ccccc2c1,8.0,active
CHEMBL120084,Cc1ccccc1C[C@H](NC(=O)[C@H](CCC(=O)O)NC(=O)[C@H](CC(=O)O)NC(=O)CCC(=O)O)C(=O)N[C@H](C(=O)N[C@@H](CC(C)C)C(=O)N[C@H](N)C(=O)C(N)=O)C(C)(C)C,7.0,active
CHEMBL427986,Cc1ccccc1C[C@H](NC(=O)[C@H](CCC(=O)O)NC(=O)[C@H](CC(=O)O)NC(=O)CCC(=O)O)C(=O)N[C@H](C(=O)N[C@@H](CC(C)C)C(=O)N[C@H](CC(F)(F)F)C(=O)C(=O)N[C@@H](C)c1ccc2ccccc2c1)C(C)(C)C,4.0,active
CHEMBL262654,Cc1ccccc1C[C@H](NC(=O)[C@H](CCC(=O)O)NC(=O)[C@H](CC(=O)O)NC(=O)CCC(=O)O)C(=O)N[C@H](C(=O)N[C@@H](CC(C)C)C(=O)N[C@H](CC(F)(F)F)C(=O)C(=O)NCc1ccccc1)C(C)(C)C,4.0,active
CHEMBL269187,Cc1ccccc1C[C@H](NC(=O)[C@H](CCC(=O)O)NC(=O)[C@H](CC(=O)O)NC(=O)CCC(=O)O)C(=O)N[C@H](C(=O)N[C@@H](CC(C)C)C(=O)N[C@H](CC(F)(F)F)C(=O)C(=O)N[C@H](c1ccccc1)C(C)C)C(C)(C)C,7.0,active
CHEMBL331243,CCCC[C@@H](NC(=O)[C@H](CC(C)C)NC(=O)[C@@H](NC(=O)[C@H](Cc1ccccc1C)NC(=O)[C@H](CCC(=O)O)NC(=O)[C@H](CC(=O)O)NC(=O)CCC(=O)O)C(C)(C)C)C(=O)C(N)=O,11.0,active
CHEMBL405304,CC[C@H](NC(=O)C(=O)[C@@H](CC(F)(F)F)NC(=O)[C@H](CC(C)C)NC(=O)[C@@H](NC(=O)[C@H](Cc1ccccc1C)NC(=O)[C@H](CCC(=O)O)NC(=O)[C@H](CC(=O)O)NC(=O)CCC(=O)O)C(C)(C)C)c1ccccc1,7.0,active
CHEMBL414922,Cc1ccccc1C[C@H](NC(=O)[C@H](CCC(=O)O)NC(=O)[C@H](CC(=O)O)NC(=O)CCC(=O)O)C(=O)N[C@H](C(=O)N[C@@H](CC(C)C)C(=O)N[C@H](CC(F)(F)F)C(=O)C(=O)N[C@H](C)c1ccccc1)C(C)(C)C,1100.0,intermediate
CHEMBL263772,Cc1ccccc1C[C@H](NC(=O)[C@H](CCC(=O)O)NC(=O)[C@H](CC(=O)O)NC(=O)CCC(=O)O)C(=O)N[C@H](C(=O)N[C@@H](CC(C)C)C(=O)N[C@H](CC(F)(F)F)C(=O)C(=O)N[C@@H](C)c1ccccc1)C(C)(C)C,4.0,active
CHEMBL261963,Cc1ccccc1C[C@H](NC(=O)[C@H](CCC(=O)O)NC(=O)[C@H](CC(=O)O)NC(=O)CCC(=O)O)C(=O)N[C@H](C(=O)N[C@@H](CC(C)C)C(=O)N[C@H](CC(F)(F)F)C(=O)C(=O)NCc1ccc(O)cc1)C(C)(C)C,4.0,active
CHEMBL297884,COc1ccc2c(O[C@@H]3C[C@H]4C(=O)N[C@]5(C(=O)O)C[C@H]5/C=C\CCCCC[C@H](NC(=O)OC5CCCC5)C(=O)N4C3)cc(-c3csc(NC(C)C)n3)nc2c1,0.8,active
CHEMBL3326536,COc1ccc2c(OC[C@@H]3C[C@H]4C(=O)N[C@@]5(C(=O)NS(=O)(=O)C6CC6)C[C@@H]5/C=C\CCCCN(C)C(=O)N34)cc(-c3ccccc3)nc2c1,2400.0,intermediate
CHEMBL3326537,COc1ccc2c(OC[C@H]3C[C@@H]4C(=O)N[C@@]5(C(=O)NS(=O)(=O)C6CC6)C[C@@H]5/C=C\CCCCN(C)C(=O)N34)cc(-c3ccccc3)nc2c1,278.0,active
CHEMBL3326538,COc1ccc2c(OC[C@@H]3C[C@H]4C(=O)N(C)CCCC/C=C\[C@H]5C[C@]5(C(=O)NS(=O)(=O)C5CC5)NC(=O)N34)cc(-c3ccccc3)nc2c1,45.0,active
CHEMBL3326539,COc1ccc2c(OC[C@H]3C[C@@H]4C(=O)N(C)CCCC/C=C\[C@H]5C[C@]5(C(=O)NS(=O)(=O)C5CC5)NC(=O)N34)cc(-c3ccccc3)nc2c1,3.5,active
CHEMBL3326540,COc1ccc2c(OC[C@@H]3C[C@H]4C(=O)N(C)CCCC/C=C\[C@H]5C[C@]5(C(=O)NS(=O)(=O)C5(C)CC5)NC(=O)N34)cc(-c3nc(C(C)C)cs3)nc2c1F,16.8,active
CHEMBL3326826,COc1ccc2c(OC[C@@H]3C[C@H]4C(=O)N(C)CCCC/C=C\[C@H]5C[C@]5(C(=O)NS(=O)(=O)C5(C)CC5)NC(=O)N34)cc(-c3nc(C(C)C)cs3)nc2c1,1.3,active
CHEMBL3326827,COc1ccc2c(OC[C@@H]3C[C@H]4C(=O)N(C)CCCC/C=C\[C@H]5C[C@]5(C(=O)NS(=O)(=O)C5CC5)NC(=O)N34)cc(-c3nc(C(C)C)cs3)nc2c1C,1000.0,active
CHEMBL3326828,COc1ccc2c(OC[C@@H]3C[C@H]4C(=O)N(C)CCCC/C=C\[C@H]5C[C@]5(C(=O)NS(=O)(=O)C5CC5)NC(=O)N34)cc(-c3nc(C(C)C)cs3)nc2c1Cl,1000.0,active
CHEMBL3326829,COc1ccc2c(OC[C@@H]3C[C@H]4C(=O)N(C)CCCC/C=C\[C@H]5C[C@]5(C(=O)NS(=O)(=O)C5(C)CC5)NC(=O)N34)cc(-c3nc(C(C)C)cs3)nc2c1C,6.6,active
CHEMBL3326830,COc1ccc2c(OC[C@@H]3C[C@H]4C(=O)N(C)CCCC/C=C\[C@H]5C[C@]5(C(=O)NS(=O)(=O)C5(C)CC5)NC(=O)N34)cc(-c3nc(C(C)C)cs3)nc2c1Cl,2.1,active
CHEMBL3787685,Cc1nc2ccccc2c2c1O[C@]1(CC2)C[C@H]2C(=O)N[C@]3(C(=O)NS(=O)(=O)C4(C)CC4)C[C@H]3/C=C\CCCCC[C@H](NC(=O)OC(C)(C)C)C(=O)N2C1,0.083,active
CHEMBL3785323,COc1ccc2nc(C(F)(F)F)c3c(c2c1)CC[C@]1(C[C@H]2C(=O)N[C@]4(C(=O)NS(=O)(=O)C5(C)CC5)C[C@H]4/C=C\CCCCC[C@H](NC(=O)OCC(C)C)C(=O)N2C1)O3,0.01,active
CHEMBL2063090,C=C[C@@H]1C[C@]1(NC(=O)[C@@H]1C[C@@H]2CN1C(=O)[C@H](C(C)(C)C)NC(=O)O[C@@H]1C[C@H]1CCCCCc1nc3ccc(OC)cc3nc1O2)C(=O)NS(=O)(=O)C1CC1,0.021,active
CHEMBL3787419,C=C[C@@H]1C[C@]1(NC(=O)[C@@H]1C[C@@H](Oc2ccc3ccccc3n2)CN1C(=O)[C@@H](NC(=O)OC(C)(C)C)C(C)(C)C)C(=O)NS(=O)(=O)C1(C)CC1,2.9,active
CHEMBL3786672,C=C[C@@H]1C[C@]1(NC(=O)[C@@H]1C[C@]2(CCc3c(c(C)nc4ccccc34)O2)CN1C(=O)[C@@H](NC(=O)OC(C)(C)C)C(C)(C)C)C(=O)NS(=O)(=O)C1(C)CC1,0.046,active
CHEMBL2063090,C=C[C@@H]1C[C@]1(NC(=O)[C@@H]1C[C@@H]2CN1C(=O)[C@H](C(C)(C)C)NC(=O)O[C@@H]1C[C@H]1CCCCCc1nc3ccc(OC)cc3nc1O2)C(=O)NS(=O)(=O)C1CC1,0.06,active
CHEMBL3785323,COc1ccc2nc(C(F)(F)F)c3c(c2c1)CC[C@]1(C[C@H]2C(=O)N[C@]4(C(=O)NS(=O)(=O)C5(C)CC5)C[C@H]4/C=C\CCCCC[C@H](NC(=O)OCC(C)C)C(=O)N2C1)O3,0.01,active
CHEMBL3928647,C=C[C@@H]1C[C@]1(NC(=O)[C@@H]1C[C@]23CCc4c(c(nc5ccc(OC)cc45)CCCCC[C@@H]4C[C@H]4OC(=O)N[C@@H](C(C)(C)C)C(=O)N1C2)O3)C(=O)NS(=O)(=O)C1CC1,0.02,active
CHEMBL3956226,C=C[C@@H]1C[C@]1(NC(=O)[C@@H]1C[C@]23CCc4c(c(nc5ccc(OC)cc45)CCCCC[C@@H]4C[C@H]4OC(=O)N[C@@H](C(C)(C)C)C(=O)N1C2)O3)C(=O)NS(=O)(=O)C1(C)CC1,0.05,active
CHEMBL3962860,CC[C@@H]1C[C@]1(NC(=O)[C@@H]1C[C@]23CCc4c(c(nc5ccc(OC)cc45)CCCCC[C@@H]4C[C@H]4OC(=O)N[C@@H](C(C)(C)C)C(=O)N1C2)O3)C(=O)NS(=O)(=O)C1CC1,0.08,active
CHEMBL3893915,C=C[C@@H]1C[C@]1(NC(=O)[C@@H]1C[C@]23CCc4c(c(nc5ccc(OC)cc45)CCCCC[C@@H]4C[C@H]4OC(=O)N[C@@H](C4(C)CCCCC4)C(=O)N1C2)O3)C(=O)NS(=O)(=O)C1CC1,0.05,active
CHEMBL3952146,C=C[C@@H]1C[C@]1(NC(=O)[C@@H]1C[C@]23CCc4c(c(nc5ccc(OC)cc45)CCCCC[C@@H]4C[C@H]4OC(=O)N[C@@H](C4(C)CCCCC4)C(=O)N1C2)O3)C(=O)NS(=O)(=O)C1(C)CC1,0.07,active
CHEMBL3924454,C=C[C@@H]1C[C@]1(NC(=O)[C@@H]1C[C@]23CCc4c(c(nc5ccc(OC)cc45)CCCCC[C@@H]4CCC[C@H]4OC(=O)N[C@@H](C(C)(C)C)C(=O)N1C2)O3)C(=O)NS(=O)(=O)C1CC1,0.03,active
CHEMBL3943429,C=C[C@@H]1C[C@]1(NC(=O)[C@@H]1C[C@]23CCc4c(c(nc5ccc(OC)cc45)CCCCC[C@@H]4CCC[C@H]4OC(=O)N[C@@H](C(C)(C)C)C(=O)N1C2)O3)C(=O)NS(=O)(=O)C1(C)CC1,0.04,active
CHEMBL3915464,COc1ccc2nc3c4c(c2c1)CC[C@]1(C[C@H]2C(=O)N[C@]5(C(=O)NS(=O)(=O)C6(C)CC6)C[C@H]5/C=C\CCCCC[C@H](NC(=O)O[C@@H]5CCC[C@H]5CCCCC3)C(=O)N2C1)O4,0.05,active
CHEMBL3645575,C=C[C@@H]1C[C@]1(NC(=O)[C@@H]1C[C@@]2(CN1C(=O)[C@@H](NC(=O)OC(C)(C)C)C(C)(C)C)C(C)(C)C21CCC1)C(=O)NS(=O)(=O)N1CCCC1,400.0,active
CHEMBL3645576,C=C[C@@H]1C[C@]1(NC(=O)[C@@H]1C[C@@]2(CN1C(=O)[C@@H](NC(=O)[C@@H](NC(=O)OC(C)(C)C)C(C)(C)C)C(C)(C)C)C(C)(C)C21CCC1)C(=O)NS(=O)(=O)N1CCCC1,750.0,active
CHEMBL3645577,C=C[C@@H]1C[C@]1(NC(=O)[C@@H]1C[C@@]2(CN1C(=O)[C@@H](NC(=O)[C@@H](NC(=O)[C@@H]1CCCCN1C(C)C)C(C)(C)C)C(C)(C)C)C(C)(C)C21CCC1)C(=O)NS(=O)(=O)N1CCCC1,6.0,active
CHEMBL3645578,C=C[C@@H]1C[C@]1(NC(=O)[C@@H]1C[C@@]2(CN1C(=O)[C@@H](NC(=O)[C@@H](NC(=O)[C@@H]1CCCN(CC)C1)C(C)(C)C)C(C)(C)C)C(C)(C)C21CCC1)C(=O)NS(=O)(=O)N1CCCC1,35.0,active
CHEMBL3645579,C=C[C@@H]1C[C@]1(NC(=O)[C@@H]1C[C@@]2(CN1C(=O)[C@@H](NC(=O)[C@@H](NC(=O)OC(C)(C)C)C(C)(C)C)C(C)(C)C)C(C)(C)C21CCC1)C(=O)NS(=O)(=O)N1CCOCC1,6650.0,intermediate
CHEMBL3645580,C=C[C@@H]1C[C@]1(NC(=O)[C@@H]1C[C@@]2(CN1C(=O)[C@@H](NC(=O)[C@@H](NC(=O)[C@@H]1CCCCN1C(C)C)C(C)(C)C)C(C)(C)C)C(C)(C)C21CCC1)C(=O)NS(=O)(=O)N1CCOCC1,45.0,active
CHEMBL3645581,C=C[C@@H]1C[C@]1(NC(=O)[C@@H]1C[C@@]2(CN1C(=O)[C@@H](NC(=O)[C@@H](NC(=O)[C@@H]1CCCN(CC)C1)C(C)(C)C)C(C)(C)C)C(C)(C)C21CCC1)C(=O)NS(=O)(=O)N1CCOCC1,450.0,active
CHEMBL3645582,C=C[C@@H]1C[C@]1(NC(=O)[C@@H]1C[C@@]2(CN1C(=O)[C@@H](NC(=O)[C@@H](NC(=O)[C@@H]1CCCCN1CCF)C(C)(C)C)C(C)(C)C)C(C)(C)C21CCC1)C(=O)NS(=O)(=O)N1CCOCC1,300.0,active
CHEMBL3645583,C=C[C@@H]1C[C@]1(NC(=O)[C@@H]1C[C@@]2(CN1C(=O)[C@@H](NC(=O)[C@@H](N1CCCC1=O)C(C)(C)C)C(C)(C)C)C(C)(C)C21CCC1)C(=O)NS(=O)(=O)N1CCCC1,100.0,active
CHEMBL3645584,C=C[C@@H]1C[C@]1(NC(=O)[C@@H]1C[C@@]2(CN1C(=O)[C@@H](NC(=O)[C@@H](NC(=O)C(C)(C)N1CCCC1)C(C)(C)C)C(C)(C)C)C(C)(C)C21CCC1)C(=O)NS(=O)(=O)N1CCCC1,65.0,active
CHEMBL3645585,C=C[C@@H]1C[C@]1(NC(=O)[C@@H]1C[C@@]2(CN1C(=O)[C@@H](NC(=O)[C@@H](NC(=O)[C@@H]1CCCN1C(C)C)C(C)(C)C)C(C)(C)C)C(C)(C)C21CCC1)C(=O)NS(=O)(=O)N1CCCC1,20.0,active
CHEMBL3645586,C=C[C@@H]1C[C@]1(NC(=O)[C@@H]1C[C@@]2(CN1C(=O)[C@@H](NC(=O)[C@@H](NC(=O)[C@@H]1CCN1C(C)C)C(C)(C)C)C(C)(C)C)C(C)(C)C21CCC1)C(=O)NS(=O)(=O)N1CCCC1,40.0,active
CHEMBL3645587,C=C[C@@H]1C[C@]1(NC(=O)[C@@H]1C[C@@]2(CN1C(=O)[C@@H](NC(=O)[C@@H](NC(=O)[C@@H]1CCCCN1C(C)C)C1CCCCC1)C(C)(C)C)C(C)(C)C21CCC1)C(=O)NS(=O)(=O)N1CCCC1,3.0,active
CHEMBL3645588,C=C[C@@H]1C[C@]1(NC(=O)[C@@H]1C[C@@]2(CN1C(=O)[C@@H](NC(=O)[C@@H](NC(=O)C(C)(C)N1CCCC1)C1CCCCC1)C(C)(C)C)C(C)(C)C21CCC1)C(=O)NS(=O)(=O)N1CCCC1,3.0,active
CHEMBL3645589,C=C[C@@H]1C[C@]1(NC(=O)[C@@H]1C[C@@]2(CN1C(=O)[C@@H](NC(=O)[C@@H](NC(=O)[C@@H]1CCCN1C(C)C)C1CCCCC1)C(C)(C)C)C(C)(C)C21CCC1)C(=O)NS(=O)(=O)N1CCCC1,2.0,active
CHEMBL3645590,C=C[C@@H]1C[C@]1(NC(=O)[C@@H]1C[C@@]2(CN1C(=O)[C@@H](NC(=O)[C@@H](NC(=O)[C@H]1CCCN1C(C)C)C1CCCCC1)C(C)(C)C)C(C)(C)C21CCC1)C(=O)NS(=O)(=O)N1CCCC1,2.3,active
CHEMBL3645591,C=C[C@@H]1C[C@]1(NC(=O)[C@@H]1C[C@@]2(CN1C(=O)[C@@H](NC(=O)[C@@H](NC(=O)[C@@H]1CCN1C(C)C)C1CCCCC1)C(C)(C)C)C(C)(C)C21CCC1)C(=O)NS(=O)(=O)N1CCCC1,2.5,active
CHEMBL3645592,C=C[C@@H]1C[C@]1(NC(=O)[C@@H]1C[C@@]2(CN1C(=O)[C@@H](NC(=O)[C@@H](NC(=O)[C@H]1CCN1C(C)C)C1CCCCC1)C(C)(C)C)C(C)(C)C21CCC1)C(=O)NS(=O)(=O)N1CCCC1,10.0,active
CHEMBL3645593,C=C[C@@H]1C[C@]1(NC(=O)[C@@H]1C[C@@]2(CN1C(=O)[C@@H](NC(=O)[C@@H](NC(=O)C1CN(C(C)C)C1)C1CCCCC1)C(C)(C)C)C(C)(C)C21CCC1)C(=O)NS(=O)(=O)N1CCCC1,55.0,active
CHEMBL3645594,C=C[C@@H]1C[C@]1(NC(=O)[C@@H]1C[C@@]2(CN1C(=O)[C@@H](NC(=O)[C@@H](NC(=O)[C@@H]1CCCCN1CCF)C(C)(C)C)C(C)(C)C)C(C)(C)C21CCC1)C(=O)NS(=O)(=O)N1CCCC1,70.0,active
CHEMBL3645595,C=C[C@@H]1C[C@]1(NC(=O)[C@@H]1C[C@@]2(CN1C(=O)[C@@H](NC(=O)[C@@H](NC(=O)[C@H]1CCCN1C(C)C)C(C)(C)C)C(C)(C)C)C(C)(C)C21CCC1)C(=O)NS(=O)(=O)N1CCCC1,35.0,active
CHEMBL3645596,C=C[C@@H]1C[C@]1(NC(=O)[C@@H]1C[C@@]2(CN1C(=O)[C@@H](NC(=O)[C@@H](NC(=O)[C@H]1CCN1C(C)C)C(C)(C)C)C(C)(C)C)C(C)(C)C21CCC1)C(=O)NS(=O)(=O)N1CCCC1,95.0,active
CHEMBL3645597,C=C[C@@H]1C[C@]1(NC(=O)[C@@H]1C[C@@]2(CN1C(=O)[C@@H](NC(=O)[C@@H](NC(=O)C1CN(C(C)C)C1)C(C)(C)C)C(C)(C)C)C(C)(C)C21CCC1)C(=O)NS(=O)(=O)N1CCCC1,400.0,active
CHEMBL3645598,C=C[C@@H]1C[C@]1(NC(=O)[C@@H]1C[C@@]2(CN1C(=O)[C@@H](NC(=O)[C@@H](NC(=O)C(C)(C)N1CCCCC1)C(C)(C)C)C(C)(C)C)C(C)(C)C21CCC1)C(=O)NS(=O)(=O)N1CCCC1,65.0,active
CHEMBL3645599,C=C[C@@H]1C[C@]1(NC(=O)[C@@H]1C[C@@]2(CN1C(=O)[C@@H](NC(=O)[C@@H](NC(=O)C(C)(C)N1CCCCC1)C1CCCCC1)C(C)(C)C)C(C)(C)C21CCC1)C(=O)NS(=O)(=O)N1CCCC1,8.0,active
CHEMBL3645600,C=C[C@@H]1C[C@]1(NC(=O)[C@@H]1C[C@@]2(CN1C(=O)[C@@H](NC(=O)[C@@H](NC(=O)[C@@H]1CCCCN1CCF)C1CCCCC1)C(C)(C)C)C(C)(C)C21CCC1)C(=O)NS(=O)(=O)N1CCCC1,15.0,active
CHEMBL3645601,C=C[C@@H]1C[C@]1(NC(=O)[C@@H]1C[C@@]2(CN1C(=O)[C@@H](NC(=O)[C@@H](NC(=O)C1CCCN1C1CCCC1)C(C)(C)C)C(C)(C)C)C(C)(C)C21CCC1)C(=O)NS(=O)(=O)N1CCCC1,10.0,active
CHEMBL3645602,C=C[C@@H]1C[C@]1(NC(=O)[C@@H]1C[C@@]2(CN1C(=O)[C@@H](NC(=O)[C@@H](NC(=O)[C@@H]1CCCN1C1CCCC1)C1CCCCC1)C(C)(C)C)C(C)(C)C21CCC1)C(=O)NS(=O)(=O)N1CCCC1,2.0,active
CHEMBL3645603,C=C[C@@H]1C[C@]1(NC(=O)[C@@H]1C[C@@]2(CN1C(=O)[C@@H](NC(=O)[C@@H](NC(=O)C1Cc3[nH]cnc3CN1)C(C)(C)C)C(C)(C)C)C(C)(C)C21CCC1)C(=O)NS(=O)(=O)N1CCCC1,40.0,active
CHEMBL3645604,CC[C@@H]1C[C@]1(NC(=O)[C@@H]1C[C@@]2(CN1C(=O)[C@@H](NC(=O)[C@@H](NC(=O)[C@@H]1CCCCN1C(C)C)C(C)(C)C)C(C)(C)C)C(C)(C)C21CCC1)C(=O)NS(=O)(=O)N1CCCC1,62.0,active
CHEMBL3645605,C=C[C@@H]1C[C@]1(NC(=O)[C@@H]1C[C@@]2(CN1C(=O)[C@@H](NC(=O)[C@@H](NC(=O)[C@@H]1CCCCN1C1CCCC1)C(C)(C)C)C(C)(C)C)C(C)(C)C21CCC1)C(=O)NS(=O)(=O)N1CCCC1,8.0,active
CHEMBL3645606,C=C[C@@H]1C[C@]1(NC(=O)[C@@H]1C[C@@]2(CN1C(=O)[C@@H](NC(=O)[C@@H](NC(=O)[C@@H]1CCCCN1C1CCCC1)C1CCCCC1)C(C)(C)C)C(C)(C)C21CCC1)C(=O)NS(=O)(=O)N1CCCC1,1.0,active
CHEMBL3645607,C=C[C@@H]1C[C@]1(NC(=O)[C@@H]1C[C@@]2(CN1C(=O)[C@@H](NC(=O)[C@@H](NC(=O)[C@@H]1CCCCN1CCOC)C1CCCCC1)C(C)(C)C)C(C)(C)C21CCC1)C(=O)NS(=O)(=O)N1CCCC1,3.5,active
CHEMBL3645608,CC[C@@H]1C[C@]1(NC(=O)[C@@H]1C[C@@]2(CN1C(=O)[C@@H](NC(=O)[C@@H](NC(=O)[C@@H]1CCCCN1C(C)C)C1CCCCC1)C(C)(C)C)C(C)(C)C21CCC1)C(=O)NS(=O)(=O)N1CCCC1,4.5,active
CHEMBL3645609,C=C[C@@H]1C[C@]1(NC(=O)[C@@H]1C[C@@]2(CN1C(=O)[C@@H](NC(=O)[C@@H](NC(=O)[C@@H]1CCCCN1C(C)C)C1CCCCC1)C1CCCCC1)C(C)(C)C21CCC1)C(=O)NS(=O)(=O)N1CCCC1,3.0,active
CHEMBL3645610,C=C[C@@H]1C[C@]1(NC(=O)[C@@H]1C[C@@]2(CN1C(=O)[C@@H](NC(=O)[C@@H](NC(=O)[C@H]1CCCCN1CC)C1CCCCC1)C(C)(C)C)C(C)(C)C21CCC1)C(=O)NS(=O)(=O)N1CCCC1,3.5,active
CHEMBL3645611,C=C[C@@H]1C[C@]1(NC(=O)[C@@H]1C[C@@]2(CN1C(=O)[C@@H](NC(=O)[C@@H](NC(=O)[C@@H]1CCCCN1CC)C1CCCCC1)C(C)(C)C)C(C)(C)C21CCC1)C(=O)NS(=O)(=O)N1CCCC1,3.3,active
CHEMBL3645612,C=C[C@@H]1C[C@]1(NC(=O)[C@@H]1C[C@@]2(CN1C(=O)[C@@H](NC(=O)[C@@H](NC(=O)[C@H]1CCCN1CC)C1CCCCC1)C(C)(C)C)C(C)(C)C21CCC1)C(=O)NS(=O)(=O)N1CCCC1,3.5,active
CHEMBL3645613,C=C[C@@H]1C[C@]1(NC(=O)[C@@H]1C[C@@]2(CN1C(=O)[C@@H](NC(=O)[C@@H](NC(=O)[C@@H]1CCCN1CC)C1CCCCC1)C(C)(C)C)C(C)(C)C21CCC1)C(=O)NS(=O)(=O)N1CCCC1,2.5,active
CHEMBL3645614,C=C[C@@H]1C[C@]1(NC(=O)[C@@H]1C[C@@]2(CN1C(=O)[C@@H](NC(=O)[C@@H](NC(=O)C1CCN1C(C)(C)C)C1CCCCC1)C(C)(C)C)C(C)(C)C21CCC1)C(=O)NS(=O)(=O)N1CCCC1,6.0,active
CHEMBL3645615,C=C[C@@H]1C[C@]1(NC(=O)[C@@H]1C[C@@]2(CN1C(=O)[C@@H](NC(=O)[C@@H](NC(=O)[C@@H]1CCCCN1C(C)C)C1CCCCC1)C1CCOCC1)C(C)(C)C21CCC1)C(=O)NS(=O)(=O)N1CCCC1,0.9,active
CHEMBL3645616,C=C[C@@H]1C[C@]1(NC(=O)[C@@H]1C[C@@]2(CN1C(=O)[C@@H](NC(=O)[C@@H](NC(=O)c1cnccn1)C1CCCCC1)C1CCOCC1)C(C)(C)C21CCC1)C(=O)NS(=O)(=O)N1CCCC1,40.0,active
CHEMBL3645617,C=C[C@@H]1C[C@]1(NC(=O)[C@@H]1C[C@@]2(CN1C(=O)[C@@H](NC(=O)[C@@H](NC(=O)c1cnccn1)C1CCOCC1)C(C)(C)C)C(C)(C)C21CCC1)C(=O)NS(=O)(=O)N1CCCC1,60.0,active
CHEMBL3645618,C=C[C@@H]1C[C@]1(NC(=O)[C@@H]1C[C@@]2(CN1C(=O)[C@@H](NC(=O)[C@@H](NC(=O)[C@@H]1CCCCN1C(C)C)C1CCOCC1)C(C)(C)C)C(C)(C)C21CCC1)C(=O)NS(=O)(=O)N1CCCC1,15.0,active
CHEMBL3645619,C=C[C@@H]1C[C@]1(NC(=O)[C@@H]1C[C@@]2(CN1C(=O)[C@@H](NC(=O)[C@@H](NC(=O)[C@@H]1CCCCN1C(C)C)C1CCCCC1)C(C)(C)C)C(C)(C)C21CCC1)C(=O)NS(=O)(=O)N1CC[C@@H](F)C1,1.0,active
CHEMBL3645620,C=C[C@@H]1C[C@]1(NC(=O)[C@@H]1C[C@@]2(CN1C(=O)[C@@H](NC(=O)[C@@H](NC(=O)[C@@H]1CCCCN1C(C)C)C1CCCCC1)C(C)(C)C)C(C)(C)C21CCC1)C(=O)NS(=O)(=O)N1CC[C@H](F)C1,2.0,active
CHEMBL3645621,C=C[C@@H]1C[C@]1(NC(=O)[C@@H]1C[C@@]2(CN1C(=O)[C@@H](NC(=O)[C@@H](NC(=O)[C@H]1CCCCN1C(C)C)C1CCCCC1)C(C)(C)C)C(C)(C)C21CCC1)C(=O)NS(=O)(=O)N1CCCC1,4.8,active
CHEMBL3645622,C=C[C@@H]1C[C@]1(NC(=O)[C@@H]1C[C@@]2(CN1C(=O)[C@@H](NC(=O)[C@@H](NC(=O)[C@H]1CCCCN1C)C1CCCCC1)C(C)(C)C)C(C)(C)C21CCC1)C(=O)NS(=O)(=O)N1CCCC1,0.9,active
CHEMBL3645623,C=C[C@@H]1C[C@]1(NC(=O)[C@@H]1C[C@@]2(CN1C(=O)[C@@H](NC(=O)[C@@H](NC(=O)[C@@H]1CCCCN1C(C)C)C1CCCCC1)C(C)(C)C)C(C)(C)C21CCC1)C(=O)NS(=O)(=O)N(C)C1CCC1,3.3,active
CHEMBL3645624,C=C[C@@H]1C[C@]1(NC(=O)[C@@H]1C[C@@]2(CN1C(=O)[C@@H](NC(=O)[C@@H](NC(=O)[C@@H]1CCCCN1C(C)C)C1CCCCC1)C(C)(C)C)C(C)(C)C21CCC1)C(=O)NS(=O)(=O)N(C)CC1CC1,3.8,active
CHEMBL3645625,C=C[C@@H]1C[C@]1(NC(=O)[C@@H]1C[C@@]2(CN1C(=O)[C@@H](NC(=O)C(Nc1cccnc1)C(C)(C)C)C(C)(C)C)C(C)(C)C21CCC1)C(=O)NS(=O)(=O)N1CCCC1,1150.0,intermediate
CHEMBL3645626,C=C[C@@H]1C[C@]1(NC(=O)[C@@H]1C[C@@]2(CN1C(=O)[C@@H](NC(=O)[C@@H](NC(=O)[C@@H]1CCCCN1C(C)C)C1CCCCC1)C(C)(C)C)C(C)(C)C21CCC1)C(=O)NS(=O)(=O)N(C)c1ccccc1,2.5,active
CHEMBL3645627,C=C[C@@H]1C[C@]1(NC(=O)[C@@H]1C[C@@]2(CN1C(=O)[C@@H](NC(=O)[C@@H](NC(=O)[C@@H]1CCCCN1C(C)C)C1CCCCC1)C(C)(C)C)C(C)(C)C21CCC1)C(=O)NS(=O)(=O)N(C)C1CC1,1.7,active
CHEMBL3645628,C=C[C@@H]1C[C@]1(NC(=O)[C@@H]1C[C@@]2(CN1C(=O)[C@@H](NC(=O)[C@@H](NC(=O)[C@@H]1CCCCN1C(C)C)C1CCCCC1)C(C)(C)C)C(C)(C)C21CCC1)C(=O)NS(=O)(=O)N(CCOC)C1CC1,2.5,active
CHEMBL3645629,C=C[C@@H]1C[C@]1(NC(=O)[C@@H]1C[C@@]2(CN1C(=O)[C@@H](NC(=O)[C@@H](NC(=O)[C@@H]1CCCCN1C(C)C)C1CCCCC1)C(C)(C)C)C(C)(C)C21CCC1)C(=O)NS(=O)(=O)N(C)OC,1.4,active
CHEMBL3645630,C=C[C@@H]1C[C@]1(NC(=O)[C@@H]1C[C@@]2(CN1C(=O)[C@@H](NC(=O)[C@@H](NC(=O)[C@@H]1CCCCN1C(C)C)C1CCCCC1)C(C)(C)C)C(C)(C)C21CCC1)C(=O)NS(=O)(=O)N(C)CCOC,8.0,active
CHEMBL3645631,C=C[C@@H]1C[C@]1(NC(=O)[C@@H]1C[C@@]2(CN1C(=O)[C@@H](NC(=O)[C@@H](NC(=O)[C@@H]1CCCCN1C(C)C)C1CCCCC1)C(C)(C)C)C(C)(C)C21CCC1)C(=O)NS(=O)(=O)NC1CCC1,6.5,active
CHEMBL3645632,C=C[C@@H]1C[C@]1(NC(=O)[C@@H]1C[C@@]2(CN1C(=O)[C@@H](NC(=O)[C@@H](NC(=O)[C@@H]1CCCCN1C(C)C)C1CCCC1)C(C)(C)C)C(C)(C)C21CCC1)C(=O)NS(=O)(=O)N1CCCC1,3.5,active
CHEMBL3645633,C=C[C@@H]1C[C@]1(NC(=O)[C@@H]1C[C@@]2(CN1C(=O)[C@@H](NC(=O)[C@@H](NC(=O)[C@@H]1CCCN1C(C)C)C1CCCC1)C(C)(C)C)C(C)(C)C21CCC1)C(=O)NS(=O)(=O)N1CCCC1,3.5,active
CHEMBL3645634,C=C[C@@H]1C[C@]1(NC(=O)[C@@H]1C[C@@]2(CN1C(=O)[C@@H](NC(=O)CC1(CC(N)=O)CCCCC1)C(C)(C)C)C(C)(C)C21CCC1)C(=O)NS(=O)(=O)N1CCCC1,1250.0,intermediate
CHEMBL3645635,C=C[C@@H]1C[C@]1(NC(=O)[C@@H]1C[C@@]2(CN1C(=O)[C@@H](NC(=O)CC1(CC#N)CCCCC1)C(C)(C)C)C(C)(C)C21CCC1)C(=O)NS(=O)(=O)N1CCCC1,750.0,active
CHEMBL3645636,C=C[C@@H]1C[C@]1(NC(=O)[C@@H]1C[C@@]2(CN1C(=O)[C@@H](NC(=O)[C@@H](NC(=O)[C@@H]1CCCN1C(C)C)C1CCCCC1)C(C)(C)C)C(C)(C)C21CCC1)C(=O)NS(=O)(=O)N(CC)CC,1.0,active
CHEMBL3645637,C=C[C@@H]1C[C@]1(NC(=O)[C@@H]1C[C@@]2(CN1C(=O)[C@@H](NC(=O)[C@@H](NC(=O)[C@@H]1CCCN1CC)C1CCCCC1)C(C)(C)C)C(C)(C)C21CCC1)C(=O)NS(=O)(=O)N(CC)CC,1.2,active
CHEMBL3645638,C=C[C@@H]1C[C@]1(NC(=O)[C@@H]1C[C@@]2(CN1C(=O)[C@@H](NC(=O)[C@@H](NC(=O)[C@@H]1CCCCN1C1CCCC1)C1CCCCC1)C(C)(C)C)C(C)(C)C21CCC1)C(=O)NS(=O)(=O)N(CC)CC,2.0,active
CHEMBL3645639,C=C[C@@H]1C[C@]1(NC(=O)[C@@H]1C[C@@]2(CN1C(=O)[C@@H](NC(=O)[C@@H](NC(=O)[C@H]1CCCCN1C(C)C)C1CCCCC1)C(C)(C)C)C(C)(C)C21CCC1)C(=O)NS(=O)(=O)N(CC)CC,4.5,active
CHEMBL3645640,C=C[C@@H]1C[C@]1(NC(=O)[C@@H]1C[C@@]2(CN1C(=O)C(NC(=O)C(NC(=O)[C@@H]1CCCCN1C(C)C)C1CCCCC1)C1CCCC1)C(C)(C)C21CCC1)C(=O)NS(=O)(=O)N1CCCC1,5.5,active
CHEMBL3645641,C=C[C@@H]1C[C@]1(NC(=O)C1C[C@@]2(CN1C(=O)[C@@H](NC(=O)[C@@H](NC(=O)[C@@H]1CCCCN1C(C)C)C(C)(C)C)C1CCOCC1)C(C)(C)C21CCC1)C(=O)NS(=O)(=O)N1CCCC1,20.0,active
CHEMBL3645642,C=C[C@@H]1C[C@]1(NC(=O)C1C[C@@]2(CN1C(=O)[C@@H](NC(=O)c1cccc(C(=O)NCCC)c1)C(C)(C)C)C(C)(C)C21CCC1)C(=O)NS(=O)(=O)N1CCCC1,950.0,active
CHEMBL3645643,C=C[C@@H]1C[C@]1(NC(=O)[C@@H]1C[C@@]2(CN1C(=O)[C@@H](NC(=O)[C@@H](NC(=O)c1cccc(N(C)C)n1)C1CCCCC1)C(C)(C)C)C(C)(C)C21CCC1)C(=O)NS(=O)(=O)N1CCCC1,50.0,active
CHEMBL3645644,C=C[C@@H]1C[C@]1(NC(=O)[C@@H]1C[C@@]2(CN1C(=O)[C@@H](NC(=O)[C@@H](NC(=O)c1cccnc1N(C)C)C1CCCCC1)C(C)(C)C)C(C)(C)C21CCC1)C(=O)NS(=O)(=O)N1CCCC1,35.0,active
CHEMBL3645645,C=C[C@@H]1C[C@]1(NC(=O)[C@@H]1C[C@@]2(CN1C(=O)[C@@H](NC(=O)C(NC(=O)[C@@H]1CCCN1CC(F)(F)F)C1CCCCC1)C1CCOCC1)C(C)(C)C21CCC1)C(=O)NS(=O)(=O)N1CCCC1,40.0,active
CHEMBL3645646,C=C[C@@H]1C[C@]1(NC(=O)[C@@H]1C[C@@]2(CN1C(=O)[C@@H](NC(=O)C(NC(=O)[C@@H]1CCCN1CC(F)F)C1CCCCC1)C1CCOCC1)C(C)(C)C21CCC1)C(=O)NS(=O)(=O)N1CCCC1,70.0,active
CHEMBL3645647,C=C[C@@H]1C[C@]1(NC(=O)[C@@H]1C[C@@]2(CN1C(=O)[C@@H](NC(=O)C(NC(=O)[C@@H]1CCCN1CCF)C1CCCCC1)C1CCOCC1)C(C)(C)C21CCC1)C(=O)NS(=O)(=O)N1CCCC1,15.0,active
CHEMBL3645648,C=C[C@@H]1C[C@]1(NC(=O)[C@@H]1C[C@@]2(CN1C(=O)[C@@H](NC(=O)C(NC(=O)[C@@H]1CCCCN1CC(F)F)C1CCCCC1)C1CCOCC1)C(C)(C)C21CCC1)C(=O)NS(=O)(=O)N1CCCC1,65.0,active
CHEMBL3645649,C=C[C@@H]1C[C@]1(NC(=O)[C@@H]1C[C@@]2(CN1C(=O)[C@@H](NC(=O)C(NC(=O)[C@@H]1CCCCN1CCF)C1CCCCC1)C1CCOCC1)C(C)(C)C21CCC1)C(=O)NS(=O)(=O)N1CCCC1,30.0,active
CHEMBL3639445,C=C[C@@H]1C[C@]1(NC(=O)[C@@H]1C[C@@]2(CN1C(=O)[C@@H](NC(=O)C(NC(=O)[C@@H]1CCCN1C(=O)OCCF)C1CCCCC1)C1CCOCC1)C(C)(C)C21CCC1)C(=O)NS(=O)(=O)N1CCCC1,80.0,active
CHEMBL3645650,C=C[C@@H]1C[C@]1(NC(=O)[C@@H]1C[C@@]2(CN1C(=O)[C@@H](NC(=O)[C@@H](NC(=O)[C@@H]1CCCCN1CC)C1CCCCC1)C(C)(C)C)C(C)(C)C21CCC1)C(=O)NS(=O)(=O)N(CC)CC,0.9,active
CHEMBL3645651,C=C[C@@H]1C[C@]1(NC(=O)C1C[C@@]2(CN1C(=O)[C@@H](NC(=O)C1CCCNC1=O)C(C)(C)C)C(C)(C)C21CCC1)C(=O)NS(=O)(=O)N1CCCC1,650.0,active
CHEMBL3645652,C=C[C@@H]1C[C@]1(NC(=O)[C@@H]1C[C@@]2(CN1C(=O)[C@@H](NC(=O)[C@@H](NC(=O)[C@@H]1CCCCN1C(C)C)C1CCCC1)C(C)(C)C)C(C)(C)C21CCC1)C(=O)NS(=O)(=O)N(CC)CC,2.5,active
CHEMBL3645653,C=C[C@@H]1C[C@]1(NC(=O)[C@@H]1C[C@@]2(CN1C(=O)C(NC(=O)C(NC(=O)[C@@H]1CCCCN1C(C)C)C1CCCCC1)C1CCCC1)C(C)(C)C21CCC1)C(=O)NS(=O)(=O)N(CC)CC,2.0,active
CHEMBL3645654,C=C[C@@H]1C[C@]1(NC(=O)[C@@H]1C[C@@]2(CN1C(=O)[C@@H](NC(=O)[C@@H](NC(=O)[C@@H]1CCCCN1CC)C1CCCC1)C(C)(C)C)C(C)(C)C21CCC1)C(=O)NS(=O)(=O)N(CC)CC,4.0,active
CHEMBL3645655,C=C[C@@H]1C[C@]1(NC(=O)[C@@H]1C[C@@]2(CN1C(=O)[C@@H](NC(=O)[C@@H](NC(=O)[C@@H]1CCCCN1C)C1CCCCC1)C(C)(C)C)C(C)(C)C21CCC1)C(=O)NS(=O)(=O)N1CCCC1,2.5,active
CHEMBL3645656,C=C[C@@H]1C[C@]1(NC(=O)[C@@H]1C[C@@]2(CN1C(=O)[C@@H](NC(=O)[C@@H](NC(=O)[C@@H]1CCCCN1C(C)C)C1CCCCC1)C(C)(C)C)C(C)(C)C21CCC1)C(=O)NS(=O)(=O)N(C)CC(F)F,2.0,active
CHEMBL3645657,C=C[C@@H]1C[C@]1(NC(=O)[C@@H]1C[C@@]2(CN1C(=O)[C@@H](NC(=O)C(NC(=O)[C@@H]1CCCCN1C(C)C)C1CCCCC1)C1CCOCC1)C(C)(C)C21CCC1)C(=O)NS(=O)(=O)N(CC)CC,6.0,active
CHEMBL3645658,C=C[C@@H]1C[C@]1(NC(=O)[C@@H]1C[C@@]2(CN1C(=O)[C@@H](NC(=O)C(NC(=O)[C@@H]1CCCCN1CC)C1CCCCC1)C1CCOCC1)C(C)(C)C21CCC1)C(=O)NS(=O)(=O)N(CC)CC,4.5,active
CHEMBL3645659,CC[C@@H]1C[C@]1(NC(=O)[C@@H]1C[C@@]2(CN1C(=O)[C@@H](NC(=O)C(NC(=O)[C@@H]1CCCCN1CC)C1CCCCC1)C(C)(C)C)C(C)(C)C21CCC1)C(=O)NS(=O)(=O)N(CC)CC,4.5,active
CHEMBL3645660,CC[C@@H]1C[C@]1(NC(=O)[C@@H]1C[C@@]2(CN1C(=O)[C@@H](NC(=O)[C@@H](NC(=O)[C@@H]1CCCCN1CC)C1CCCCC1)C(C)(C)C)C(C)(C)C21CCC1)C(=O)NS(=O)(=O)N1CCCC1,7.0,active
CHEMBL3645661,C=C[C@@H]1C[C@]1(NC(=O)C1C[C@@]2(CN1C(=O)[C@@H](NC(=O)c1cccc(C(=O)NC)c1)C(C)(C)C)C(C)(C)C21CCC1)C(=O)NS(=O)(=O)N1CCCC1,500.0,active
CHEMBL3645662,C=C[C@@H]1C[C@]1(NC(=O)[C@@H]1C[C@@]2(CN1C(=O)[C@@H](NC(=O)C(NC(=O)[C@@H]1CC(F)(F)CN1C(C)C)C1CCCCC1)C(C)(C)C)C(C)(C)C21CCC1)C(=O)NS(=O)(=O)N1CCCC1,30.0,active
CHEMBL3645663,CC[C@@H]1C[C@]1(NC(=O)[C@@H]1C[C@@]2(CN1C(=O)[C@@H](NC(=O)[C@@H](NC(=O)[C@@H]1CCCCN1C(C)C)C1CCCCC1)C(C)(C)C)C(C)(C)C21CCC1)C(=O)NS(=O)(=O)N(C)C1CC1,6.5,active
CHEMBL3645664,C=C[C@@H]1C[C@]1(NC(=O)[C@@H]1C[C@@]2(CN1C(=O)[C@@H](NC(=O)[C@@H](NC(=O)[C@@H]1CCCN1C(C)C)C1CCCCC1)C(C)(C)C)C(C)(C)C21CCC1)C(=O)NS(=O)(=O)N(C)CC,5.0,active
CHEMBL3645665,C=C[C@@H]1C[C@]1(NC(=O)[C@@H]1C[C@@]2(CN1C(=O)[C@@H](NC(=O)[C@@H](NC(=O)[C@H]1CCCCN1C(C)C)C1CCCCC1)C(C)(C)C)C(C)(C)C21CCC1)C(=O)NS(=O)(=O)N(C)CC,3.0,active
CHEMBL3645666,C=C[C@@H]1C[C@]1(NC(=O)[C@@H]1C[C@@]2(CN1C(=O)[C@@H](NC(=O)[C@@H](NC(=O)[C@@H]1CCCCN1C)C1CCCCC1)C(C)(C)C)C(C)(C)C21CCC1)C(=O)NS(=O)(=O)N(C)CC,2.0,active
CHEMBL3645667,C=C[C@@H]1C[C@]1(NC(=O)[C@@H]1C[C@@]2(CN1C(=O)[C@@H](NC(=O)[C@@H](NC(=O)[C@@H]1CCCCN1CC)C1CCCCC1)C(C)(C)C)C(C)(C)C21CCC1)C(=O)NS(=O)(=O)N(C)CC,1.5,active
CHEMBL3645668,C=C[C@@H]1C[C@]1(NC(=O)[C@@H]1C[C@@]2(CN1C(=O)[C@@H](NC(=O)[C@@H](NC(=O)[C@@H]1CCCN1CC)C1CCCCC1)C(C)(C)C)C(C)(C)C21CCC1)C(=O)NS(=O)(=O)N1CCCCC1,5.0,active
CHEMBL3645669,C=C[C@@H]1C[C@]1(NC(=O)[C@@H]1C[C@@]2(CN1C(=O)[C@@H](NC(=O)C(NC(=O)[C@@H]1CCCN1CC)C1CCCCC1)C1CCOCC1)C(C)(C)C21CCC1)C(=O)NS(=O)(=O)N(CC)CC,7.0,active
CHEMBL3645670,C=C[C@@H]1C[C@]1(NC(=O)[C@@H]1C[C@@]2(CN1C(=O)[C@@H](NC(=O)C(NC(=O)[C@@H]1CCCN1CC)C1CCCC1)C(C)(C)C)C(C)(C)C21CCC1)C(=O)NS(=O)(=O)N(CC)CC,10.0,active
CHEMBL3645671,C=C[C@@H]1C[C@]1(NC(=O)[C@@H]1C[C@@]2(CN1C(=O)[C@@H](NC(=O)[C@@H](NC(=O)[C@@H]1CCCN1CC)C1CCCCC1)C(C)(C)C)C(C)(C)C21CCC1)C(=O)NS(=O)(=O)N(C)CCC,7.0,active
CHEMBL3645672,CC[C@@H]1C[C@]1(NC(=O)[C@@H]1C[C@@]2(CN1C(=O)[C@@H](NC(=O)[C@@H](NC(=O)[C@@H]1CCCN1CC)C1CCCCC1)C(C)(C)C)C(C)(C)C21CCC1)C(=O)NS(=O)(=O)N1CCCC1,20.0,active
CHEMBL3645673,CC[C@@H]1C[C@]1(NC(=O)[C@@H]1C[C@@]2(CN1C(=O)[C@@H](NC(=O)C(NC(=O)[C@@H]1CCCN1CC)C1CCCCC1)C(C)(C)C)C(C)(C)C21CCC1)C(=O)NS(=O)(=O)N(CC)CC,10.0,active
CHEMBL3645674,C=C[C@@H]1C[C@]1(NC(=O)[C@@H]1C[C@@]2(CN1C(=O)[C@@H](NC(=O)[C@@H](NC(=O)[C@@H]1CCCN1CC)C1CCCCC1)C(C)(C)C)C(C)(C)C21CCC1)C(=O)NS(=O)(=O)N(C)CC,2.5,active
CHEMBL3645675,C=C[C@@H]1C[C@]1(NC(=O)[C@@H]1C[C@@]2(CN1C(=O)[C@@H](NC(=O)[C@@H](NC(=O)[C@@H]1CCCN1CC)c1ccccc1)C(C)(C)C)C(C)(C)C21CCC1)C(=O)NS(=O)(=O)N1CCCC1,8.0,active
CHEMBL3645676,C=C[C@@H]1C[C@]1(NC(=O)[C@@H]1C[C@@]2(CN1C(=O)[C@@H](NC(=O)[C@@H](NC(=O)[C@@H]1CCCCN1CC)c1ccccc1)C(C)(C)C)C(C)(C)C21CCC1)C(=O)NS(=O)(=O)N1CCCC1,20.0,active
CHEMBL3645677,C=C[C@@H]1C[C@]1(NC(=O)[C@@H]1C[C@@]2(CN1C(=O)[C@@H](NC(=O)[C@@H](NC(=O)[C@@H]1CCCCN1C(C)C)c1ccccc1)C(C)(C)C)C(C)(C)C21CCC1)C(=O)NS(=O)(=O)N1CCCC1,15.0,active
CHEMBL3645678,C=C[C@@H]1C[C@]1(NC(=O)[C@@H]1C[C@@]2(CN1C(=O)[C@@H](NC(=O)C(NC(=O)[C@@H]1CCC(F)(F)CN1C(C)C)C1CCCCC1)C(C)(C)C)C(C)(C)C21CCC1)C(=O)NS(=O)(=O)N1CCCC1,45.0,active
CHEMBL3645679,C=C[C@@H]1C[C@]1(NC(=O)[C@@H]1C[C@@]2(CN1C(=O)[C@@H](NC(=O)[C@@H](NC(=O)[C@@H]1CCCCN1C(C)C)C1CCCCC1)C(C)(C)C)C(C)(C)C21CCC1)C(=O)NS(=O)(=O)N(CC)CCC,10.0,active
CHEMBL3645680,C=C[C@@H]1C[C@]1(NC(=O)[C@@H]1C[C@@]2(CN1C(=O)[C@@H](NC(=O)[C@@H](NC(=O)[C@@H]1CCCN1CC)C1CCCCC1)C(C)(C)C)C(C)(C)C21CCC1)C(=O)NS(=O)(=O)N(CC)CCC,9.0,active
CHEMBL3645681,C=C[C@@H]1C[C@]1(NC(=O)[C@@H]1C[C@@]2(CN1C(=O)[C@@H](NC(=O)[C@@H](NC(=O)[C@@H]1CCCCN1C(C)C)C1CCCCC1)C(C)(C)C)C(C)(C)C21CCC1)C(=O)NS(=O)(=O)N(C)C(C)C,6.0,active
CHEMBL3645682,C=C[C@@H]1C[C@]1(NC(=O)[C@@H]1C[C@@]2(CN1C(=O)[C@@H](NC(=O)[C@@H](NC(=O)[C@@H]1CCCN1CC)C1CCCCC1)C(C)(C)C)C(C)(C)C21CCC1)C(=O)NS(=O)(=O)N(C)C(C)C,2.5,active
CHEMBL3645683,C=C[C@@H]1C[C@]1(NC(=O)[C@@H]1C[C@@]2(CN1C(=O)[C@@H](NC(=O)[C@@H](NC(=O)[C@@H]1CCCCN1C(C)C)C1CCCCC1)C(C)(C)C)C(C)(C)C21CCC1)C(=O)NS(=O)(=O)N(CC)C(C)C,8.0,active
CHEMBL3645684,C=C[C@@H]1C[C@]1(NC(=O)[C@@H]1C[C@@]2(CN1C(=O)[C@@H](NC(=O)[C@@H](NC(=O)[C@@H]1CCCN1CC)C1CCCCC1)C(C)(C)C)C(C)(C)C21CCC1)C(=O)NS(=O)(=O)N(CC)C(C)C,8.0,active
CHEMBL3645685,C=C[C@@H]1C[C@]1(NC(=O)[C@@H]1C[C@@]2(CN1C(=O)[C@@H](NC(=O)[C@@H](NC(=O)[C@@H]1CCCCN1C(C)C)C1CCCCC1)C(C)(C)C)C(C)(C)C21CCC1)C(=O)NS(=O)(=O)N(C)CCC,1.4,active
CHEMBL3645686,C=C[C@@H]1C[C@]1(NC(=O)[C@@H]1C[C@@]2(CN1C(=O)[C@@H](NC(=O)[C@@H](NC(=O)[C@@H]1CCCCN1C(C)C)C1CCCCC1)C(C)(C)C)C(C)(C)C21CCC1)C(=O)NS(=O)(=O)N1CCCCC1,3.5,active
CHEMBL3645687,C=C[C@@H]1C[C@]1(NC(=O)[C@@H]1C[C@@]2(CN1C(=O)[C@@H](NC(=O)[C@@H](NC(=O)[C@H]1CCCCN1C(C)C)C1CCCCC1)C(C)(C)C)C(C)(C)C21CCC1)C(=O)NS(=O)(=O)N(C)CCC,4.5,active
CHEMBL3645688,C=C[C@@H]1C[C@]1(NC(=O)[C@@H]1C[C@@]2(CN1C(=O)[C@@H](NC(=O)[C@@H](NC(=O)[C@H]1CCCCN1C(C)C)C1CCCCC1)C(C)(C)C)C(C)(C)C21CCC1)C(=O)NS(=O)(=O)N1CCCCC1,4.5,active
CHEMBL3645689,CC[C@@H]1C[C@]1(NC(=O)[C@@H]1C[C@@]2(CN1C(=O)[C@@H](NC(=O)[C@@H](NC(=O)[C@@H]1CCCN1C(C)C)C1CCCCC1)C(C)(C)C)C(C)(C)C21CCC1)C(=O)NS(=O)(=O)N1CCCC1,4.5,active
CHEMBL3645690,CC[C@@H]1C[C@]1(NC(=O)[C@@H]1C[C@@]2(CN1C(=O)[C@@H](NC(=O)[C@@H](NC(=O)[C@@H]1CCCN1C(C)C)C1CCCCC1)C(C)(C)C)C(C)(C)C21CCC1)C(=O)NS(=O)(=O)N(CC)CC,5.5,active
CHEMBL3645691,C=C[C@@H]1C[C@]1(NC(=O)[C@@H]1C[C@@]2(CN1C(=O)[C@@H](NC(=O)[C@@H](NC(=O)[C@@H]1CCCCN1C)C1CCCCC1)C(C)(C)C)C(C)(C)C21CCC1)C(=O)NS(=O)(=O)N(CC)CC,4.5,active
CHEMBL3645692,C=C[C@@H]1C[C@]1(NC(=O)[C@@H]1C[C@@]2(CN1C(=O)[C@@H](NC(=O)[C@@H](NC(=O)[C@H]1CCCCN1C(C)C)C1CCCCC1)C(C)(C)C)C(C)(C)C21CCC1)C(=O)NS(=O)(=O)N(C)C(C)C,6.5,active
CHEMBL3645693,C=C[C@@H]1C[C@]1(NC(=O)[C@@H]1C[C@@]2(CN1C(=O)[C@@H](NC(=O)[C@@H](NC(=O)[C@H]1CCCCN1C(C)C)C1CCCCC1)C(C)(C)C)C(C)(C)C21CCC1)C(=O)NS(=O)(=O)N(CC)C(C)C,10.0,active
CHEMBL3645694,CC[C@@H]1C[C@]1(NC(=O)[C@@H]1C[C@@]2(CN1C(=O)[C@@H](NC(=O)[C@@H](NC(=O)[C@H]1CCCCN1C(C)C)C1CCCCC1)C(C)(C)C)C(C)(C)C21CCC1)C(=O)NS(=O)(=O)N(CC)CC,7.0,active
CHEMBL3645695,C=C[C@@H]1C[C@]1(NC(=O)[C@@H]1C[C@@]2(CN1C(=O)[C@@H](NC(=O)[C@@H](NC(=O)[C@@H]1CCCCN1C(C)C)C(C)C)C(C)(C)C)C(C)(C)C21CCC1)C(=O)NS(=O)(=O)N(CC)CC,1.4,active
CHEMBL3645696,CC[C@@H]1C[C@]1(NC(=O)[C@@H]1C[C@@]2(CN1C(=O)[C@@H](NC(=O)[C@@H](NC(=O)[C@H]1CCCCN1C(C)C)C1CCCCC1)C(C)(C)C)C(C)(C)C21CCC1)C(=O)NS(=O)(=O)N1CCCC1,8.0,active
CHEMBL3645697,C=C[C@@H]1C[C@]1(NC(=O)[C@@H]1C[C@@]2(CN1C(=O)[C@@H](NC(=O)[C@@H](NC(=O)[C@@H]1CCCCN1C(C)C)C1CCCCC1)C1(C)CCOCC1)C(C)(C)C21CCC1)C(=O)NS(=O)(=O)N1CCCC1,1.5,active
CHEMBL3645698,C=C[C@@H]1C[C@]1(NC(=O)[C@@H]1C[C@@]2(CN1C(=O)[C@@H](NC(=O)[C@@H](NC(=O)[C@@H]1CCCN1CC)C1CCCCC1)C1(C)CCOCC1)C(C)(C)C21CCC1)C(=O)NS(=O)(=O)N1CCCC1,0.3,active
CHEMBL3645699,C=C[C@@H]1C[C@]1(NC(=O)[C@@H]1C[C@@]2(CN1C(=O)[C@@H](NC(=O)[C@@H](NC(=O)[C@@H]1CCCN1CC)C(C)(C)C)C1(C)CCOCC1)C(C)(C)C21CCC1)C(=O)NS(=O)(=O)N1CCCC1,6.0,active
CHEMBL3645700,C=C[C@@H]1C[C@]1(NC(=O)[C@@H]1C[C@@]2(CN1C(=O)[C@@H](NC(=O)[C@@H](NC(=O)[C@@H]1CCCCN1C(C)C)C1CCOCC1)C1(C)CCOCC1)C(C)(C)C21CCC1)C(=O)NS(=O)(=O)N1CCCC1,4.0,active
CHEMBL3645701,C=C[C@@H]1C[C@]1(NC(=O)[C@@H]1C[C@@]2(CN1C(=O)[C@@H](NC(=O)[C@@H](NC(=O)[C@@H]1CCCCN1C(C)C)C(C)(C)C)C1(C)CCOCC1)C(C)(C)C21CCC1)C(=O)NS(=O)(=O)N1CCCC1,1.4,active
CHEMBL3645702,C=C[C@@H]1C[C@]1(NC(=O)[C@@H]1C[C@@]2(CN1C(=O)[C@@H](NC(=O)[C@@H](NC(=O)[C@@H]1CCCN1CC)C1CCOCC1)C1(C)CCOCC1)C(C)(C)C21CCC1)C(=O)NS(=O)(=O)N1CCCC1,6.0,active
CHEMBL3645703,C=C[C@@H]1C[C@]1(NC(=O)[C@@H]1C[C@@]2(CN1C(=O)[C@@H](NC(=O)[C@@H](NC(=O)[C@@H]1CCCCN1C(C)C)C(C)C)C(C)C)C(C)(C)C21CCC1)C(=O)NS(=O)(=O)N(CC)CC,8.0,active
CHEMBL3645704,C=C[C@@H]1C[C@]1(NC(=O)[C@@H]1C[C@@]2(CN1C(=O)[C@@H](NC(=O)[C@@H](NC(=O)[C@@H]1CCCCN1C(C)C)C(C)(C)C)C(C)C)C(C)(C)C21CCC1)C(=O)NS(=O)(=O)N(CC)CC,5.5,active
CHEMBL3645705,C=C[C@@H]1C[C@]1(NC(=O)[C@@H]1C[C@@]2(CN1C(=O)[C@@H](NC(=O)[C@@H](NC(=O)[C@@H]1CCCCN1C(C)C)C1CCCCC1)C(C)C)C(C)(C)C21CCC1)C(=O)NS(=O)(=O)N(CC)CC,2.8,active
CHEMBL3645706,C=C[C@@H]1C[C@]1(NC(=O)[C@@H]1C[C@@]2(CN1C(=O)[C@@H](NC(=O)[C@@H](NC(=O)[C@@H]1CCCCN1C(C)C)C1(C)CCCCC1)C(C)(C)C)C(C)(C)C21CCC1)C(=O)NS(=O)(=O)N(CC)CC,3.0,active
CHEMBL3645707,C=C[C@@H]1C[C@]1(NC(=O)[C@@H]1C[C@@]2(CN1C(=O)[C@@H](NC(=O)[C@@H](NC(=O)[C@@H]1CCCN1CC)C1(C)CCCCC1)C(C)(C)C)C(C)(C)C21CCC1)C(=O)NS(=O)(=O)N(CC)CC,5.0,active
CHEMBL3645708,C=C[C@@H]1C[C@]1(NC(=O)[C@@H]1C[C@@]2(CN1C(=O)[C@@H](NC(=O)[C@@H](NC(=O)[C@@H]1CCCCN1C(C)C)C1(C)CCCCC1)C(C)(C)C)C(C)(C)C21CCC1)C(=O)NS(=O)(=O)N1CCCC1,4.5,active
CHEMBL3645709,C=C[C@@H]1C[C@]1(NC(=O)[C@@H]1C[C@@]2(CN1C(=O)[C@@H](NC(=O)[C@@H](NC(=O)[C@@H]1CCCN1CC)C1(C)CCCCC1)C(C)(C)C)C(C)(C)C21CCC1)C(=O)NS(=O)(=O)N1CCCC1,7.0,active
CHEMBL3645710,C=C[C@@H]1C[C@]1(NC(=O)[C@@H]1C[C@@]2(CN1C(=O)[C@@H](NC(=O)[C@@H](NC(=O)[C@H]1CCCCN1C(C)C)C1CCCCC1)C(C)(C)C)C(C)(C)C21CCC1)C(=O)NS(=O)(=O)N(CC)CCC,3.5,active
CHEMBL3645711,CC[C@@H]1C[C@]1(NC(=O)[C@@H]1C[C@@]2(CN1C(=O)[C@@H](NC(=O)[C@@H](NC(=O)[C@@H]1CCCCN1C(C)C)C1CCCCC1)C(C)(C)C)C(C)(C)C21CCC1)C(=O)NS(=O)(=O)N(C)C(C)C,8.0,active
CHEMBL3645712,CCCN(C)S(=O)(=O)NC(=O)[C@@]1(NC(=O)[C@@H]2C[C@@]3(CN2C(=O)[C@@H](NC(=O)[C@@H](NC(=O)[C@@H]2CCCCN2C(C)C)C2CCCCC2)C(C)(C)C)C(C)(C)C32CCC2)C[C@H]1CC,10.0,active
CHEMBL3645713,C=C[C@@H]1C[C@]1(NC(=O)[C@@H]1C[C@@]2(CN1C(=O)[C@@H](NC(=O)[C@@H](NC(=O)[C@@H]1CCCCN1C(C)C)C1CCCCC1)C(C)(C)C)C(C)(C)C21CCC1)C(=O)NS(=O)(=O)N1CCC(F)(F)C1,3.0,active
CHEMBL3645714,C=C[C@@H]1C[C@]1(NC(=O)[C@@H]1C[C@@]2(CN1C(=O)[C@@H](NC(=O)C(NC(=O)[C@@H]1SCCN1CC)C1CCCCC1)C(C)(C)C)C(C)(C)C21CCC1)C(=O)NS(=O)(=O)N1CCCC1,9.0,active
CHEMBL3645715,C=C[C@@H]1C[C@]1(NC(=O)[C@@H]1C[C@@]2(CN1C(=O)[C@@H](NC(=O)[C@@H](NC(=O)[C@@H]1CCCN1CC)C1(C)CCCCC1)C1(C)CCOCC1)C(C)(C)C21CCC1)C(=O)NS(=O)(=O)N1CCCC1,3.0,active
CHEMBL3645716,C=C[C@@H]1C[C@]1(NC(=O)[C@@H]1C[C@@]2(CN1C(=O)[C@@H](NC(=O)[C@@H](NC(=O)[C@@H]1CCCCN1C(C)C)C1(C)CCCCC1)C1(C)CCOCC1)C(C)(C)C21CCC1)C(=O)NS(=O)(=O)N1CCCC1,1.5,active
CHEMBL3645717,C=C[C@@H]1C[C@]1(NC(=O)[C@@H]1C[C@@]2(CN1C(=O)[C@@H](NC(=O)[C@@H](NC(=O)[C@@H]1CCCCN1C(C)C)C1CCCCC1)C1(C)CCOCC1)C(C)(C)C21CCC1)C(=O)NS(=O)(=O)N(CC)CC,2.4,active
CHEMBL3645718,C=C[C@@H]1C[C@]1(NC(=O)[C@@H]1C[C@@]2(CN1C(=O)[C@@H](NC(=O)[C@@H](NC(=O)[C@@H]1CCCCN1CC)C1CCCCC1)C1(C)CCOCC1)C(C)(C)C21CCC1)C(=O)NS(=O)(=O)N(CC)CC,2.0,active
CHEMBL3645719,C=C[C@@H]1C[C@]1(NC(=O)[C@@H]1C[C@@]2(CN1C(=O)[C@@H](NC(=O)[C@@H](NC(=O)[C@@H]1CCCCN1C(C)C)C1(C)CCCCC1)C1(C)CCOCC1)C(C)(C)C21CCC1)C(=O)NS(=O)(=O)N(CC)CC,1.1,active
CHEMBL3645720,C=C[C@@H]1C[C@]1(NC(=O)[C@@H]1C[C@@]2(CN1C(=O)[C@@H](NC(=O)[C@@H](NC(=O)[C@@H]1CCCN1CC)C1(C)CCCCC1)C1(C)CCOCC1)C(C)(C)C21CCC1)C(=O)NS(=O)(=O)N(CC)CC,1.8,active
CHEMBL3645721,C=C[C@@H]1C[C@]1(NC(=O)[C@@H]1C[C@@]2(CN1C(=O)[C@@H](NC(=O)[C@@H](NC(=O)[C@@H]1CCCN1CC)C1CCCCC1)C1(C)CCOCC1)C(C)(C)C21CCC1)C(=O)NS(=O)(=O)N(CC)CC,2.8,active
CHEMBL3645722,C=C[C@@H]1C[C@]1(NC(=O)[C@@H]1C[C@@]2(CN1C(=O)[C@@H](NC(=O)[C@@H](NC(=O)[C@@H]1CCCCN1C(C)C)C1CCCCC1)C(C)(C)C)C(C)(C)C21CCC1)C(=O)NS(=O)(=O)N(CC)CC(F)F,4.4,active
CHEMBL3645723,C=C[C@@H]1C[C@]1(NC(=O)[C@@H]1C[C@@]2(CN1C(=O)[C@@H](NC(=O)[C@@H](NC(=O)[C@@H]1CCCCN1C(C)C)C1CCCCC1)C(C)(C)C)C(C)(C)C21CCC1)C(=O)NS(=O)(=O)N(CC)CCF,1.3,active
CHEMBL3645724,C=C[C@@H]1C[C@]1(NC(=O)[C@@H]1C[C@@]2(CN1C(=O)[C@@H](NC(=O)[C@@H](NC(=O)[C@@H]1CCCN1CC)C1(C)CCOCC1)C1(C)CCCCC1)C(C)(C)C21CCC1)C(=O)NS(=O)(=O)N(CC)CC,1.0,active
CHEMBL3645725,C=C[C@@H]1C[C@]1(NC(=O)[C@@H]1C[C@@]2(CN1C(=O)[C@@H](NC(=O)[C@@H](NC(=O)[C@@H]1CCCCN1C(C)C)C1(C)CCOCC1)C1(C)CCCCC1)C(C)(C)C21CCC1)C(=O)NS(=O)(=O)N(CC)CC,22.0,active
CHEMBL3645726,C=C[C@@H]1C[C@]1(NC(=O)[C@@H]1C[C@@]2(CN1C(=O)[C@@H](NC(=O)[C@@H](NC(=O)[C@@H]1CCCN1CC)C1(C)CCCCC1)C1(C)CCCCC1)C(C)(C)C21CCC1)C(=O)NS(=O)(=O)N(CC)CC,11.0,active
CHEMBL3645727,C=C[C@@H]1C[C@]1(NC(=O)[C@@H]1C[C@@]2(CN1C(=O)[C@@H](NC(=O)[C@@H](NC(=O)[C@@H]1CCCCN1C(C)C)C1(C)CCCCC1)C1(C)CCCCC1)C(C)(C)C21CCC1)C(=O)NS(=O)(=O)N(CC)CC,3.0,active
CHEMBL3645728,C=C[C@@H]1C[C@]1(NC(=O)[C@@H]1C[C@@]2(CN1C(=O)[C@@H](NC(=O)[C@@H](NC(=O)c1[nH]c(C)c(C)c1C(C)=O)C(C)(C)C)C(C)(C)C)C(C)(C)C21CCC1)C(=O)NS(=O)(=O)C1CC1,65.0,active
CHEMBL3645729,C=C[C@@H]1C[C@]1(NC(=O)[C@@H]1C[C@@]2(CN1C(=O)[C@@H](NC(=O)[C@@H](NC(=O)[C@@H]1CCCCN1C(C)C)C1CCCCC1)C(C)(C)C)C(C)(C)C21CCC1)C(=O)NS(=O)(=O)N(C)C,0.9,active
CHEMBL3645730,C=CC1CC1(NC(=O)[C@@H]1C[C@@]2(CN1C(=O)[C@@H](NC(=O)[C@@H](NC(=O)C1CCCCN1C(C)C)C(C)(C)C)C(C)(C)C)C(C)(C)C21CCC1)C(=O)NS(=O)(=O)N1CCC[C@H]1CO,1500.0,intermediate
CHEMBL3645731,C=CC1CC1(NC(=O)[C@@H]1C[C@@]2(CN1C(=O)[C@@H](NC(=O)[C@@H](NC(=O)C1CCCCN1C(C)C)C1CCCCC1)C(C)(C)C)C(C)(C)C21CCC1)C(=O)NS(=O)(=O)N1CC(F)(F)C1,8.0,active
CHEMBL3645732,C=C[C@@H]1C[C@]1(NC(=O)[C@@H]1C[C@@]2(CN1C(=O)[C@@H](NC(=O)C(NC(=O)c1cnccn1)C1CCCCC1)C(C)(C)C)C(C)(C)C21CCC1)C(=O)NS(=O)(=O)NC1CC1,6.2,active
CHEMBL3645733,C=C[C@@H]1C[C@]1(NC(=O)[C@@H]1C[C@@]2(CN1C(=O)[C@@H](NC(=O)C(NC(=O)c1cnccn1)C1CCCCC1)C(C)(C)C)C(C)(C)C21CCC1)C(=O)NS(=O)(=O)NC(C)(C)C,10.0,active
CHEMBL3645734,C=C[C@@H]1C[C@]1(NC(=O)[C@@H]1C[C@@]2(CN1C(=O)[C@@H](NC(=O)C(NC(=O)c1cnccn1)C1CCCCC1)C(C)(C)C)C(C)(C)C21CCC1)C(=O)NS(=O)(=O)N(C)CC,0.6,active
CHEMBL3645735,C=C[C@@H]1C[C@]1(NC(=O)[C@@H]1C[C@@]2(CN1C(=O)[C@@H](NC(=O)C(NC(=O)c1cnccn1)C1CCCCC1)C(C)(C)C)C(C)(C)C21CCC1)C(=O)NS(=O)(=O)N(C)CCCl,30.0,active
CHEMBL3645736,C=C[C@@H]1C[C@]1(NC(=O)[C@@H]1C[C@@]2(CN1C(=O)[C@@H](NC(=O)C(NC(=O)[C@@H]1CCCCN1C(C)C)C1CCCCC1)C(C)(C)C)C(C)(C)C21CCC1)C(=O)NS(=O)(=O)NC(C)(C)C,1.5,active
CHEMBL3645737,C=C[C@@H]1C[C@]1(NC(=O)[C@@H]1C[C@@]2(CN1C(=O)[C@@H](NC(=O)C(NC(=O)[C@@H]1CCCCN1C(C)C)C1CCCCC1)C(C)(C)C)C(C)(C)C21CCC1)C(=O)NS(=O)(=O)N(C)CC,0.5,active
CHEMBL3645738,C=C[C@@H]1C[C@]1(NC(=O)[C@@H]1C[C@@]2(CN1C(=O)[C@@H](NC(=O)C(NC(=O)[C@@H]1CCCCN1C(C)C)C1CCCCC1)C(C)(C)C)C(C)(C)C21CCC1)C(=O)NS(=O)(=O)N(C)CCCl,1.0,active
CHEMBL3645739,C=C[C@@H]1C[C@]1(NC(=O)[C@@H]1C[C@@]2(CN1C(=O)[C@@H](NC(=O)C(NC(=O)[C@@H]1CCCCN1C(C)C)C1CCCCC1)C(C)(C)C)C(C)(C)C21CCC1)C(=O)NS(=O)(=O)NC1CC1,2.5,active
CHEMBL3645740,C=C[C@@H]1C[C@]1(NC(=O)[C@@H]1C[C@@]2(CN1C(=O)[C@@H](NC(=O)C(NC(=O)c1cnccn1)C1CCCCC1)C(C)(C)C)C(C)(C)C21CCC1)C(=O)NS(=O)(=O)N(CC)CC,3.0,active
CHEMBL3645741,C=C[C@@H]1C[C@]1(NC(=O)[C@@H]1C[C@@]2(CN1C(=O)[C@@H](NC(=O)C(NC(=O)[C@@H]1CCCCN1C(C)C)C1CCCCC1)C(C)(C)C)C(C)(C)C21CCC1)C(=O)NS(=O)(=O)N(CC)CC,0.6,active
CHEMBL3645742,C=C[C@@H]1C[C@]1(NC(=O)[C@@H]1C[C@@]2(CN1C(=O)[C@@H](NC(=O)[C@@H](NC(=O)Cc1ccncc1)C1CCCCC1)C(C)(C)C)C(C)(C)C21CCC1)C(=O)NS(=O)(=O)N1CCCC1,10.0,active
CHEMBL3645743,C=C[C@@H]1C[C@]1(NC(=O)[C@@H]1C[C@@]2(CN1C(=O)[C@@H](NC(=O)[C@@H](NC(=O)c1cc3cc(OC)ccc3[nH]1)C1CCCCC1)C(C)(C)C)C(C)(C)C21CCC1)C(=O)NS(=O)(=O)N1CCCC1,25.0,active
CHEMBL3645744,C=C[C@@H]1C[C@]1(NC(=O)[C@@H]1C[C@@]2(CN1C(=O)[C@@H](NC(=O)[C@@H](NC(=O)CN1CCc3ccccc3C1)C1CCCCC1)C(C)(C)C)C(C)(C)C21CCC1)C(=O)NS(=O)(=O)N1CCCC1,25.0,active
CHEMBL3645745,C=C[C@@H]1C[C@]1(NC(=O)[C@@H]1C[C@@]2(CN1C(=O)[C@@H](NC(=O)[C@@H](NC(=O)c1cc3ccccc3n1C)C1CCCCC1)C(C)(C)C)C(C)(C)C21CCC1)C(=O)NS(=O)(=O)N1CCCC1,80.0,active
CHEMBL3645746,C=C[C@@H]1C[C@]1(NC(=O)[C@@H]1C[C@@]2(CN1C(=O)[C@@H](NC(=O)[C@@H](NC(=O)CC1CCCCO1)C1CCCCC1)C(C)(C)C)C(C)(C)C21CCC1)C(=O)NS(=O)(=O)N1CCCC1,25.0,active
CHEMBL3645747,C=C[C@@H]1C[C@]1(NC(=O)[C@@H]1C[C@@]2(CN1C(=O)[C@@H](NC(=O)[C@@H](NC(=O)c1cc(C)nn1CC)C1CCCCC1)C(C)(C)C)C(C)(C)C21CCC1)C(=O)NS(=O)(=O)N1CCCC1,30.0,active
CHEMBL3645748,C=C[C@@H]1C[C@]1(NC(=O)[C@@H]1C[C@@]2(CN1C(=O)[C@@H](NC(=O)[C@@H](NC(=O)c1cc(C(C)(C)C)nn1C)C1CCCCC1)C(C)(C)C)C(C)(C)C21CCC1)C(=O)NS(=O)(=O)N1CCCC1,90.0,active
CHEMBL3639446,C=C[C@@H]1C[C@]1(NC(=O)[C@@H]1C[C@@]2(CN1C(=O)[C@@H](NC(=O)[C@@H](NC(=O)c1ccccc1NC)C1CCCCC1)C(C)(C)C)C(C)(C)C21CCC1)C(=O)NS(=O)(=O)N1CCCC1,70.0,active
CHEMBL3645749,C=C[C@@H]1C[C@]1(NC(=O)[C@@H]1C[C@@]2(CN1C(=O)[C@@H](NC(=O)[C@@H](NC(=O)c1cc(C)nn1C(C)(C)C)C1CCCCC1)C(C)(C)C)C(C)(C)C21CCC1)C(=O)NS(=O)(=O)N1CCCC1,95.0,active
CHEMBL3645750,C=C[C@@H]1C[C@]1(NC(=O)[C@@H]1C[C@@]2(CN1C(=O)[C@@H](NC(=O)[C@@H](NC(=O)c1cnn(-c3ccccc3)c1)C1CCCCC1)C(C)(C)C)C(C)(C)C21CCC1)C(=O)NS(=O)(=O)N1CCCC1,35.0,active
CHEMBL3645751,C=C[C@@H]1C[C@]1(NC(=O)[C@@H]1C[C@@]2(CN1C(=O)[C@@H](NC(=O)[C@@H](NC(=O)c1cc(CC)nn1C)C1CCCCC1)C(C)(C)C)C(C)(C)C21CCC1)C(=O)NS(=O)(=O)N1CCCC1,40.0,active
CHEMBL3645752,C=C[C@@H]1C[C@]1(NC(=O)[C@@H]1C[C@@]2(CN1C(=O)[C@@H](NC(=O)[C@@H](NC(=O)Cn1nc(C)cc1C)C1CCCCC1)C(C)(C)C)C(C)(C)C21CCC1)C(=O)NS(=O)(=O)N1CCCC1,65.0,active
CHEMBL3645753,C=C[C@@H]1C[C@]1(NC(=O)[C@@H]1C[C@@]2(CN1C(=O)[C@@H](NC(=O)[C@@H](NC(=O)[C@@H]1CCCN1C(C)=O)C1CCCCC1)C(C)(C)C)C(C)(C)C21CCC1)C(=O)NS(=O)(=O)N1CCCC1,25.0,active
CHEMBL3645754,C=C[C@@H]1C[C@]1(NC(=O)[C@@H]1C[C@@]2(CN1C(=O)[C@@H](NC(=O)[C@@H](NC(=O)c1cc3ccccc3[nH]1)C1CCCCC1)C(C)(C)C)C(C)(C)C21CCC1)C(=O)NS(=O)(=O)N1CCCC1,20.0,active
CHEMBL3645755,C=C[C@@H]1C[C@]1(NC(=O)[C@@H]1C[C@@]2(CN1C(=O)[C@@H](NC(=O)[C@@H](NC(=O)c1c[nH]c3ccccc13)C1CCCCC1)C(C)(C)C)C(C)(C)C21CCC1)C(=O)NS(=O)(=O)N1CCCC1,25.0,active
CHEMBL3645756,C=C[C@@H]1C[C@]1(NC(=O)[C@@H]1C[C@@]2(CN1C(=O)[C@@H](NC(=O)[C@@H](NC(=O)c1ccc3[nH]ccc3c1)C1CCCCC1)C(C)(C)C)C(C)(C)C21CCC1)C(=O)NS(=O)(=O)N1CCCC1,20.0,active
CHEMBL3645757,C=C[C@@H]1C[C@]1(NC(=O)[C@@H]1C[C@@]2(CN1C(=O)[C@@H](NC(=O)[C@@H](NC(=O)c1cc3ccccc3o1)C1CCCCC1)C(C)(C)C)C(C)(C)C21CCC1)C(=O)NS(=O)(=O)N1CCCC1,55.0,active
CHEMBL3645758,C=C[C@@H]1C[C@]1(NC(=O)[C@@H]1C[C@@]2(CN1C(=O)[C@@H](NC(=O)[C@@H](NC(=O)c1ccc3occc3c1)C1CCCCC1)C(C)(C)C)C(C)(C)C21CCC1)C(=O)NS(=O)(=O)N1CCCC1,25.0,active
CHEMBL3645759,C=C[C@@H]1C[C@]1(NC(=O)[C@@H]1C[C@@]2(CN1C(=O)[C@@H](NC(=O)[C@@H](NC(=O)[C@@H](OC)c1ccccc1)C1CCCCC1)C(C)(C)C)C(C)(C)C21CCC1)C(=O)NS(=O)(=O)N1CCCC1,25.0,active
CHEMBL3645760,C=C[C@@H]1C[C@]1(NC(=O)[C@@H]1C[C@@]2(CN1C(=O)[C@@H](NC(=O)[C@@H](NC(=O)C1CCN(C(C)=O)CC1)C1CCCCC1)C(C)(C)C)C(C)(C)C21CCC1)C(=O)NS(=O)(=O)N1CCCC1,10.0,active
CHEMBL3645761,C=C[C@@H]1C[C@]1(NC(=O)[C@@H]1C[C@@]2(CN1C(=O)[C@@H](NC(=O)[C@@H](NC(=O)c1nccc3ccccc13)C1CCCCC1)C(C)(C)C)C(C)(C)C21CCC1)C(=O)NS(=O)(=O)N1CCCC1,75.0,active
CHEMBL3645762,C=C[C@@H]1C[C@]1(NC(=O)[C@@H]1C[C@@]2(CN1C(=O)[C@@H](NC(=O)[C@@H](NC(=O)c1cnc3ccccc3c1)C1CCCCC1)C(C)(C)C)C(C)(C)C21CCC1)C(=O)NS(=O)(=O)N1CCCC1,20.0,active
CHEMBL3645763,C=C[C@@H]1C[C@]1(NC(=O)[C@@H]1C[C@@]2(CN1C(=O)[C@@H](NC(=O)[C@@H](NC(=O)c1ccnc3ccccc13)C1CCCCC1)C(C)(C)C)C(C)(C)C21CCC1)C(=O)NS(=O)(=O)N1CCCC1,40.0,active
CHEMBL3645764,C=C[C@@H]1C[C@]1(NC(=O)[C@@H]1C[C@@]2(CN1C(=O)[C@@H](NC(=O)[C@@H](NC(=O)c1ccc3c(ccn3C)c1)C1CCCCC1)C(C)(C)C)C(C)(C)C21CCC1)C(=O)NS(=O)(=O)N1CCCC1,40.0,active
CHEMBL3645765,C=C[C@@H]1C[C@]1(NC(=O)[C@@H]1C[C@@]2(CN1C(=O)[C@@H](NC(=O)[C@@H](NC(=O)c1cnc(C)cn1)C(C)CCC)C(C)(C)C)C(C)(C)C21CCC1)C(=O)NS(=O)(=O)N1CCCC1,14.0,active
CHEMBL3645766,C=C[C@@H]1C[C@]1(NC(=O)[C@@H]1C[C@@]2(CN1C(=O)[C@@H](NC(=O)[C@@H](NC(=O)CN(C)C)C1CCCCC1)C(C)(C)C)C(C)(C)C21CCC1)C(=O)NS(=O)(=O)N1CCCC1,8.0,active
CHEMBL3645767,C=C[C@@H]1C[C@]1(NC(=O)[C@@H]1C[C@@]2(CN1C(=O)[C@@H](NC(=O)[C@@H](NC(=O)c1cnon1)C1CCCCC1)C(C)(C)C)C(C)(C)C21CCC1)C(=O)NS(=O)(=O)N1CCCC1,35.0,active
CHEMBL3645768,C=C[C@@H]1C[C@]1(NC(=O)[C@@H]1C[C@@]2(CN1C(=O)[C@@H](NC(=O)[C@@H](NC(=O)CN1CCN(C)CC1)C1CCCCC1)C(C)(C)C)C(C)(C)C21CCC1)C(=O)NS(=O)(=O)N1CCCC1,20.0,active
CHEMBL3648645,CCC1CC1(NC(=O)[C@@H]1C[C@@]2(CN1C(=O)[C@@H](NC(=O)C(NC(=O)[C@@H]1CCCCN1C(C)C)C1CCCCC1)C(C)(C)C)C(C)(C)C21CCC1)C(=O)NS(=O)(=O)N(CC)CC,8.0,active
CHEMBL3920030,CNC(=O)c1c(-c2ccc(F)cc2)oc2cc(N(C)S(C)(=O)=O)c(-c3ccc4c(n3)C(=O)N(Cc3ccccc3)CO4)cc12,3.218,active
CHEMBL3922869,CNC(=O)c1c(-c2ccc(F)cc2)oc2cc(N(C)S(C)(=O)=O)c(-c3ccc4c(n3)C(=O)N(c3ccc(F)cc3)CO4)cc12,24.83,active
CHEMBL3954316,CNC(=O)c1c(-c2ccc(F)cc2)oc2cc(N(C)S(C)(=O)=O)c(-c3ccc4c(n3)C(=O)N(c3cccc(F)c3)CO4)cc12,4.826,active
CHEMBL3963867,CNC(=O)c1c(-c2ccc(F)cc2)oc2cc(N(C)S(C)(=O)=O)c(-c3ccc4c(n3)C(=O)N(CCc3ccccc3)CO4)cc12,39.9,active
CHEMBL3957232,CNC(=O)c1c(-c2ccc(F)cc2)oc2cc(N(C)S(C)(=O)=O)c(-c3ccc4c(n3)C(=O)N(Cc3ccc(OC)cc3)CO4)cc12,3.055,active
CHEMBL3955887,CNC(=O)c1c(-c2ccc(F)cc2)oc2cc(N(C)S(C)(=O)=O)c(-c3ccc4c(n3)C(=O)N(Cc3ccc(F)cc3)CO4)cc12,2.782,active
CHEMBL3901368,CNC(=O)c1c(-c2ccc(F)cc2)oc2cc(N(C)S(C)(=O)=O)c(-c3ccc4c(n3)C(=O)N(Cc3cccc(F)c3)CO4)cc12,1.481,active
CHEMBL3967005,CNC(=O)c1c(-c2ccc(F)cc2)oc2cc(N(C)S(C)(=O)=O)c(-c3ccc4c(n3)C(=O)N(Cc3ccccc3F)CO4)cc12,5.873,active
CHEMBL3895714,CNC(=O)c1c(-c2ccc(F)cc2)oc2cc(N(C)S(C)(=O)=O)c(-c3ccc4c(n3)C(=O)N(Cc3ccc(C#N)cc3)CO4)cc12,8.032,active
CHEMBL3949455,CNC(=O)c1c(-c2ccc(F)cc2)oc2cc(N(C)S(C)(=O)=O)c(-c3ccc4c(n3)C(=O)N(Cc3ccc(Cl)cc3)CO4)cc12,0.7678,active
CHEMBL3975365,CNC(=O)c1c(-c2ccc(F)cc2)oc2cc(N(C)S(C)(=O)=O)c(-c3ccc4c(n3)C(=O)N(Cc3ccc(F)cn3)CO4)cc12,15.32,active
CHEMBL3932292,CNC(=O)c1c(-c2ccc(F)cc2)oc2cc(N(C)S(C)(=O)=O)c(-c3cc4c(cn3)OCN(Cc3ccc(F)cc3)C4=O)cc12,7.019,active
CHEMBL3986806,CNC(=O)c1c(-c2ccc(F)cc2)oc2cc(N(C)S(C)(=O)=O)c(-c3cnc4c(c3)C(=O)N(Cc3ccc(F)cc3)CO4)cc12,2.551,active
CHEMBL3925629,CNC(=O)c1c(-c2ccc(F)cc2)oc2cc(N(C)S(C)(=O)=O)c(-c3ccc4oc(=O)n(Cc5ccc(F)cc5)c(=O)c4n3)cc12,434.9,active
CHEMBL3966786,CNC(=O)c1c(-c2ccc(F)cc2)oc2cc(N(C)S(C)(=O)=O)c(-c3cnc4c(c3)C(=O)NC(c3cccs3)N4)cc12,395.4,active
CHEMBL3904432,CNC(=O)c1c(-c2ccc(F)cc2)oc2cc(N(C)S(C)(=O)=O)c(-c3cnc4c(c3)C(=O)NC(C3CC3)N4)cc12,128.4,active
CHEMBL3972082,CNC(=O)c1c(-c2ccc(F)cc2)oc2cc(N(C)S(C)(=O)=O)c(-c3cnc4nc(-c5cccc(F)c5)[nH]c(=O)c4c3)cc12,161.5,active
CHEMBL3910003,CNC(=O)c1c(-c2ccc(F)cc2)oc2cc(N(C)S(C)(=O)=O)c(-c3ccc4c(n3)NC(c3cccc(F)c3)NC4=O)cc12,10.51,active
CHEMBL3941710,CNC(=O)c1c(-c2ccc(F)cc2)oc2cc(N(C)S(C)(=O)=O)c(-c3cnc4c(c3)C(=O)N(Cc3ccc(F)cc3)CN4)cc12,1.601,active
CHEMBL3969256,CNC(=O)c1c(-c2ccc(F)cc2)oc2cc(N(C)S(C)(=O)=O)c(-c3ccc4ncn(-c5ccccc5)c(=O)c4c3)cc12,4.936,active
CHEMBL3894421,CNC(=O)c1c(-c2ccc(F)cc2)oc2cc(N(C)S(C)(=O)=O)c(-c3cnc4ncn(-c5ccccc5F)c(=O)c4c3)cc12,6.321,active
CHEMBL3945713,CNC(=O)c1c(-c2ccc(F)cc2)oc2cc(N(C)S(C)(=O)=O)c(-c3cnc4ncn(-c5ccc(F)cc5)c(=O)c4c3)cc12,16.24,active
CHEMBL3974309,CNC(=O)c1c(-c2ccc(F)cc2)oc2cc(N(C)S(C)(=O)=O)c(-c3cnc4ncn(-c5cccc(F)c5)c(=O)c4c3)cc12,3.978,active
CHEMBL3938855,CNC(=O)c1c(-c2ccc(F)cc2)oc2cc(N(C)S(C)(=O)=O)c(-c3cnc4ncn(Cc5ccc(F)cc5)c(=O)c4c3)cc12,2.588,active
CHEMBL4115262,CNC(=O)c1c(-c2ccc(F)cc2)oc2cc(N(C)S(C)(=O)=O)c(-c3cnc4ncn([C@H](C)c5ccc(F)cc5)c(=O)c4c3)cc12,16.33,active
CHEMBL3982540,CNC(=O)c1c(-c2ccc(F)cc2)oc2cc(N(C)S(C)(=O)=O)c(-c3ccc4ncn(-c5ccccc5F)c(=O)c4n3)cc12,44.65,active
CHEMBL3960822,CNC(=O)c1c(-c2ccc(F)cc2)oc2cc(N(C)S(C)(=O)=O)c(-c3cnc4nc[nH]c(=O)c4n3)cc12,352.9,active
CHEMBL3959793,CNC(=O)c1c(-c2ccc(F)cc2)oc2cc(N(C)S(C)(=O)=O)c(-c3cnc4ncn(-c5cccc(F)c5)c(=O)c4n3)cc12,4.957,active
CHEMBL3974920,CNC(=O)c1c(-c2ccc(F)cc2)oc2cc(N(C)S(C)(=O)=O)c(-c3ccc4c(n3)C(=O)N(Cc3ccc(F)cc3)C4)cc12,7.211,active
CHEMBL3947642,CNC(=O)c1c(-c2ccc(F)cc2)oc2cc(N(C)S(C)(=O)=O)c(-c3ccc4c(n3)C(=O)N(C(C)c3ccc(F)cc3)CO4)cc12,0.9806,active
CHEMBL3947642,CNC(=O)c1c(-c2ccc(F)cc2)oc2cc(N(C)S(C)(=O)=O)c(-c3ccc4c(n3)C(=O)N(C(C)c3ccc(F)cc3)CO4)cc12,41.78,active
CHEMBL3913311,CNC(=O)c1c(-c2ccc(F)cc2)oc2ccc(-c3ccc4c(n3)C(=O)N(C(C)(C)c3ccc(F)cc3)CO4)cc12,708.3,active
CHEMBL3936639,CNC(=O)c1c(-c2ccc(F)cc2)oc2ccc(-c3ccc4c(n3)C(=O)N(Cc3ccc(F)cc3)CO4)cc12,8928.0,intermediate
CHEMBL3949927,CNC(=O)c1c(-c2ccc(F)cc2)oc2cc(N(C)S(C)(=O)=O)c(-c3ccc4c(c3)C(=O)N(Cc3ccc(F)cc3)CC4)cc12,2.147,active
CHEMBL3890470,CNC(=O)c1c(-c2ccc(F)cc2)oc2cc(N(C)S(C)(=O)=O)c(-c3ccc4c(n3)C(=O)N(Cc3ccc(F)cc3)CC4)cc12,1.081,active
CHEMBL3913046,CNC(=O)c1c(-c2ccc(F)cc2)oc2ccc(-c3ccc4c(n3)C(=O)N(Cc3ccc(F)cc3)CC4)cc12,77.35,active
CHEMBL3982915,CNC(=O)c1c(-c2ccc(F)cc2)oc2cc(N(C)S(C)(=O)=O)c(-c3ccc4ccn(Cc5ccc(F)cc5)c(=O)c4c3)cc12,1.375,active
CHEMBL4115427,CNC(=O)c1c(-c2ccc(F)cc2)oc2cc(N(C)S(C)(=O)=O)c(-c3ccc4nnn([C@H](COC)c5ccc(F)cc5)c(=O)c4c3)cc12,4.035,active
CHEMBL4110077,CNC(=O)c1c(-c2ccc(F)cc2)oc2cc(N(C)S(C)(=O)=O)c(-c3ccc4nnn([C@H](CO)c5ccc(F)cc5)c(=O)c4c3)cc12,6.19,active
CHEMBL3955209,CNC(=O)c1c(-c2ccc(F)cc2)oc2cc(N(C)S(C)(=O)=O)c(-c3ccc4nnn([C@@H](COC)c5ccc(F)cc5)c(=O)c4c3)cc12,18.13,active
CHEMBL3927591,CNC(=O)c1c(-c2ccc(F)cc2)oc2cc(N(C)S(C)(=O)=O)c(-c3ccc4nnn(Cc5ccccc5)c(=O)c4c3)cc12,9.482,active
CHEMBL3968491,CNC(=O)c1c(-c2ccc(F)cc2)oc2cc(N(C)S(C)(=O)=O)c(-c3ccc4nnn(C(CO)c5ccccc5)c(=O)c4c3)cc12,15.08,active
CHEMBL3960796,CNC(=O)c1c(-c2ccc(F)cc2)oc2cc(N(C)S(C)(=O)=O)c(-c3ccc4nnn(Cc5ccc(F)cc5)c(=O)c4c3)cc12,5.619,active
CHEMBL3936097,CNC(=O)c1c(-c2ccc(F)cc2)oc2cc(N(C)S(C)(=O)=O)c(-c3ccc4nnn([C@@H](C)c5ccc(F)cc5)c(=O)c4c3)cc12,35.03,active
CHEMBL4109706,CNC(=O)c1c(-c2ccc(F)cc2)oc2cc(N(C)S(C)(=O)=O)c(-c3ccc4nnn([C@H](C)c5ccc(F)cc5)c(=O)c4c3)cc12,7.646,active
CHEMBL3927052,CNC(=O)c1c(-c2ccc(F)cc2)oc2cc(N(C)S(C)(=O)=O)c(-c3ccc4nnn(Cc5ccc(F)cc5OC)c(=O)c4c3)cc12,20.16,active
CHEMBL3964459,CNC(=O)c1c(-c2ccc(F)cc2)oc2cc(N(C)S(C)(=O)=O)c(-c3ccc4nnn(Cc5ccc(F)cn5)c(=O)c4c3)cc12,6.928,active
CHEMBL3949897,CNC(=O)c1c(-c2ccc(F)cc2)oc2cc(N(C)S(C)(=O)=O)c(-c3ccc4ncn(Cc5ccccc5)c(=O)c4c3)cc12,6.245,active
CHEMBL4109293,CNC(=O)c1c(-c2ccc(F)cc2)oc2cc(N(C)S(C)(=O)=O)c(-c3ccc4ncn([C@H](C)c5ccc(F)cc5)c(=O)c4c3)cc12,3.176,active
CHEMBL3898973,CNC(=O)c1c(-c2ccc(F)cc2)oc2cc(N(C)S(C)(=O)=O)c(-c3ccc4ncn(Cc5ccc(F)cc5OC)c(=O)c4c3)cc12,8.978,active
CHEMBL3889513,CNC(=O)c1c(-c2ccc(F)cc2)oc2cc(N(C)S(C)(=O)=O)c(-c3ccc4ncn(Cc5ccc(F)cn5)c(=O)c4c3)cc12,6.369,active
CHEMBL3930991,CNC(=O)c1c(-c2ccc(F)cc2)oc2cc(N(C)S(C)(=O)=O)c(-c3ccc4nc(COC)n(Cc5ccc(F)cc5)c(=O)c4c3)cc12,2.566,active
CHEMBL3958500,CNC(=O)c1c(-c2ccc(F)cc2)oc2cc(N(C)S(C)(=O)=O)c(-c3ccc4nc(CNC(C)=O)n(Cc5ccc(F)cc5)c(=O)c4c3)cc12,2.343,active
CHEMBL3961836,CNC(=O)c1c(-c2ccc(F)cc2)oc2cc(N(C)S(C)(=O)=O)c(-c3ccc4nc(C)n(Cc5ccc(F)cc5)c(=O)c4c3)cc12,1.934,active
CHEMBL4110048,CNC(=O)c1c(-c2ccc(F)cc2)oc2cc(N(C)S(C)(=O)=O)c(-c3ccc4nc(C)n([C@H](C)c5ccc(F)cc5)c(=O)c4c3)cc12,9.65,active
CHEMBL3972861,CNC(=O)c1c(-c2ccc(F)cc2)oc2cc(N(C)S(C)(=O)=O)c(-c3ccc4nc(C)n(Cc5ccc(F)cc5OC)c(=O)c4n3)cc12,23.72,active
CHEMBL3946725,CNC(=O)c1c(-c2ccc(F)cc2)oc2cc(N(C)S(C)(=O)=O)c(-c3ccc4nc(C)n(Cc5ccc(F)cc5F)c(=O)c4n3)cc12,4.122,active
CHEMBL3947778,CNC(=O)c1c(-c2ccc(F)cc2)oc2cc(N(C)S(C)(=O)=O)c(-c3ccc4nc(C)n([C@@H](COC)c5ccc(F)cc5)c(=O)c4n3)cc12,9.279,active
CHEMBL4109025,CNC(=O)c1c(-c2ccc(F)cc2)oc2cc(N(C)S(C)(=O)=O)c(-c3ccc4nc(C)n([C@H](CCO)c5ccc(F)cc5)c(=O)c4n3)cc12,7.286,active
CHEMBL4107186,CNC(=O)c1c(-c2ccc(F)cc2)oc2cc(N(C)S(C)(=O)=O)c(-c3ccc4nc(C)n([C@H](COC)c5ccc(F)cc5)c(=O)c4n3)cc12,4.971,active
CHEMBL3925436,CNC(=O)c1c(-c2ccc(F)cc2)oc2cc(N(C)S(C)(=O)=O)c(-c3ccc4nc(C)n(Cc5ccc(F)cc5)c(=O)c4n3)cc12,2.004,active
CHEMBL3983489,CNC(=O)c1c(-c2ccc(F)cc2)oc2cc(N(C)S(C)(=O)=O)c(-c3cc(OC)c4nc(C)n(Cc5ccc(F)cc5)c(=O)c4c3)cc12,6.645,active
CHEMBL3942127,CNC(=O)c1c(-c2ccc(F)cc2)oc2cc(N(C)S(C)(=O)=O)c(-c3cc4c(=O)n(Cc5ccc(F)cc5)nnc4cc3F)cc12,11.3,active
CHEMBL3961240,CNC(=O)c1c(-c2ccc(F)cc2)oc2cc(N(C)S(C)(=O)=O)c(-c3cc(OC)c4nnn(Cc5ccc(F)cc5)c(=O)c4c3)cc12,3.486,active
CHEMBL3986495,CNC(=O)c1c(-c2ccc(F)cc2)oc2cc(N(C)S(C)(=O)=O)c(-c3cc4c(=O)n(Cc5ccc(F)cc5)nnc4cc3C)cc12,8.621,active
CHEMBL3949157,CNC(=O)c1c(-c2ccc(F)cc2)oc2cc(N(C)S(C)(=O)=O)c(-c3cc4c(=O)n(Cc5ccc(F)cc5)nnc4cc3Cl)cc12,11.59,active
CHEMBL3978278,CNC(=O)c1c(-c2ccc(F)cc2)oc2cc(N(C)S(C)(=O)=O)c(-c3cc(C)c4nnn(Cc5ccc(F)cc5)c(=O)c4c3)cc12,11.94,active
CHEMBL3920030,CNC(=O)c1c(-c2ccc(F)cc2)oc2cc(N(C)S(C)(=O)=O)c(-c3ccc4c(n3)C(=O)N(Cc3ccccc3)CO4)cc12,2.435,active
CHEMBL3922869,CNC(=O)c1c(-c2ccc(F)cc2)oc2cc(N(C)S(C)(=O)=O)c(-c3ccc4c(n3)C(=O)N(c3ccc(F)cc3)CO4)cc12,3.341,active
CHEMBL3954316,CNC(=O)c1c(-c2ccc(F)cc2)oc2cc(N(C)S(C)(=O)=O)c(-c3ccc4c(n3)C(=O)N(c3cccc(F)c3)CO4)cc12,2.842,active
CHEMBL3963867,CNC(=O)c1c(-c2ccc(F)cc2)oc2cc(N(C)S(C)(=O)=O)c(-c3ccc4c(n3)C(=O)N(CCc3ccccc3)CO4)cc12,15.22,active
CHEMBL3957232,CNC(=O)c1c(-c2ccc(F)cc2)oc2cc(N(C)S(C)(=O)=O)c(-c3ccc4c(n3)C(=O)N(Cc3ccc(OC)cc3)CO4)cc12,1.592,active
CHEMBL3955887,CNC(=O)c1c(-c2ccc(F)cc2)oc2cc(N(C)S(C)(=O)=O)c(-c3ccc4c(n3)C(=O)N(Cc3ccc(F)cc3)CO4)cc12,1.933,active
CHEMBL3901368,CNC(=O)c1c(-c2ccc(F)cc2)oc2cc(N(C)S(C)(=O)=O)c(-c3ccc4c(n3)C(=O)N(Cc3cccc(F)c3)CO4)cc12,1.063,active
CHEMBL3967005,CNC(=O)c1c(-c2ccc(F)cc2)oc2cc(N(C)S(C)(=O)=O)c(-c3ccc4c(n3)C(=O)N(Cc3ccccc3F)CO4)cc12,2.618,active
CHEMBL3895714,CNC(=O)c1c(-c2ccc(F)cc2)oc2cc(N(C)S(C)(=O)=O)c(-c3ccc4c(n3)C(=O)N(Cc3ccc(C#N)cc3)CO4)cc12,3.912,active
CHEMBL3949455,CNC(=O)c1c(-c2ccc(F)cc2)oc2cc(N(C)S(C)(=O)=O)c(-c3ccc4c(n3)C(=O)N(Cc3ccc(Cl)cc3)CO4)cc12,1.79,active
CHEMBL3975365,CNC(=O)c1c(-c2ccc(F)cc2)oc2cc(N(C)S(C)(=O)=O)c(-c3ccc4c(n3)C(=O)N(Cc3ccc(F)cn3)CO4)cc12,7.68,active
CHEMBL3932292,CNC(=O)c1c(-c2ccc(F)cc2)oc2cc(N(C)S(C)(=O)=O)c(-c3cc4c(cn3)OCN(Cc3ccc(F)cc3)C4=O)cc12,2.953,active
CHEMBL3986806,CNC(=O)c1c(-c2ccc(F)cc2)oc2cc(N(C)S(C)(=O)=O)c(-c3cnc4c(c3)C(=O)N(Cc3ccc(F)cc3)CO4)cc12,2.059,active
CHEMBL3925629,CNC(=O)c1c(-c2ccc(F)cc2)oc2cc(N(C)S(C)(=O)=O)c(-c3ccc4oc(=O)n(Cc5ccc(F)cc5)c(=O)c4n3)cc12,35.9,active
CHEMBL3966786,CNC(=O)c1c(-c2ccc(F)cc2)oc2cc(N(C)S(C)(=O)=O)c(-c3cnc4c(c3)C(=O)NC(c3cccs3)N4)cc12,39.17,active
CHEMBL3904432,CNC(=O)c1c(-c2ccc(F)cc2)oc2cc(N(C)S(C)(=O)=O)c(-c3cnc4c(c3)C(=O)NC(C3CC3)N4)cc12,39.19,active
CHEMBL3972082,CNC(=O)c1c(-c2ccc(F)cc2)oc2cc(N(C)S(C)(=O)=O)c(-c3cnc4nc(-c5cccc(F)c5)[nH]c(=O)c4c3)cc12,48.53,active
CHEMBL3910003,CNC(=O)c1c(-c2ccc(F)cc2)oc2cc(N(C)S(C)(=O)=O)c(-c3ccc4c(n3)NC(c3cccc(F)c3)NC4=O)cc12,3.737,active
CHEMBL3941710,CNC(=O)c1c(-c2ccc(F)cc2)oc2cc(N(C)S(C)(=O)=O)c(-c3cnc4c(c3)C(=O)N(Cc3ccc(F)cc3)CN4)cc12,1.747,active
CHEMBL3969256,CNC(=O)c1c(-c2ccc(F)cc2)oc2cc(N(C)S(C)(=O)=O)c(-c3ccc4ncn(-c5ccccc5)c(=O)c4c3)cc12,2.794,active
CHEMBL3894421,CNC(=O)c1c(-c2ccc(F)cc2)oc2cc(N(C)S(C)(=O)=O)c(-c3cnc4ncn(-c5ccccc5F)c(=O)c4c3)cc12,2.509,active
CHEMBL3945713,CNC(=O)c1c(-c2ccc(F)cc2)oc2cc(N(C)S(C)(=O)=O)c(-c3cnc4ncn(-c5ccc(F)cc5)c(=O)c4c3)cc12,4.123,active
CHEMBL3974309,CNC(=O)c1c(-c2ccc(F)cc2)oc2cc(N(C)S(C)(=O)=O)c(-c3cnc4ncn(-c5cccc(F)c5)c(=O)c4c3)cc12,3.24,active
CHEMBL3938855,CNC(=O)c1c(-c2ccc(F)cc2)oc2cc(N(C)S(C)(=O)=O)c(-c3cnc4ncn(Cc5ccc(F)cc5)c(=O)c4c3)cc12,2.571,active
CHEMBL4115262,CNC(=O)c1c(-c2ccc(F)cc2)oc2cc(N(C)S(C)(=O)=O)c(-c3cnc4ncn([C@H](C)c5ccc(F)cc5)c(=O)c4c3)cc12,11.89,active
CHEMBL3982540,CNC(=O)c1c(-c2ccc(F)cc2)oc2cc(N(C)S(C)(=O)=O)c(-c3ccc4ncn(-c5ccccc5F)c(=O)c4n3)cc12,5.887,active
CHEMBL3960822,CNC(=O)c1c(-c2ccc(F)cc2)oc2cc(N(C)S(C)(=O)=O)c(-c3cnc4nc[nH]c(=O)c4n3)cc12,567.7,active
CHEMBL3959793,CNC(=O)c1c(-c2ccc(F)cc2)oc2cc(N(C)S(C)(=O)=O)c(-c3cnc4ncn(-c5cccc(F)c5)c(=O)c4n3)cc12,4.17,active
CHEMBL3974920,CNC(=O)c1c(-c2ccc(F)cc2)oc2cc(N(C)S(C)(=O)=O)c(-c3ccc4c(n3)C(=O)N(Cc3ccc(F)cc3)C4)cc12,0.8856,active
CHEMBL3947642,CNC(=O)c1c(-c2ccc(F)cc2)oc2cc(N(C)S(C)(=O)=O)c(-c3ccc4c(n3)C(=O)N(C(C)c3ccc(F)cc3)CO4)cc12,2.227,active
CHEMBL3947642,CNC(=O)c1c(-c2ccc(F)cc2)oc2cc(N(C)S(C)(=O)=O)c(-c3ccc4c(n3)C(=O)N(C(C)c3ccc(F)cc3)CO4)cc12,12.49,active
CHEMBL3913311,CNC(=O)c1c(-c2ccc(F)cc2)oc2ccc(-c3ccc4c(n3)C(=O)N(C(C)(C)c3ccc(F)cc3)CO4)cc12,1692.0,intermediate
CHEMBL3936639,CNC(=O)c1c(-c2ccc(F)cc2)oc2ccc(-c3ccc4c(n3)C(=O)N(Cc3ccc(F)cc3)CO4)cc12,10430.0,inactive
CHEMBL3949927,CNC(=O)c1c(-c2ccc(F)cc2)oc2cc(N(C)S(C)(=O)=O)c(-c3ccc4c(c3)C(=O)N(Cc3ccc(F)cc3)CC4)cc12,1.709,active
CHEMBL3890470,CNC(=O)c1c(-c2ccc(F)cc2)oc2cc(N(C)S(C)(=O)=O)c(-c3ccc4c(n3)C(=O)N(Cc3ccc(F)cc3)CC4)cc12,0.527,active
CHEMBL3913046,CNC(=O)c1c(-c2ccc(F)cc2)oc2ccc(-c3ccc4c(n3)C(=O)N(Cc3ccc(F)cc3)CC4)cc12,11.42,active
CHEMBL3982915,CNC(=O)c1c(-c2ccc(F)cc2)oc2cc(N(C)S(C)(=O)=O)c(-c3ccc4ccn(Cc5ccc(F)cc5)c(=O)c4c3)cc12,1.139,active
CHEMBL4115427,CNC(=O)c1c(-c2ccc(F)cc2)oc2cc(N(C)S(C)(=O)=O)c(-c3ccc4nnn([C@H](COC)c5ccc(F)cc5)c(=O)c4c3)cc12,9.268,active
CHEMBL4110077,CNC(=O)c1c(-c2ccc(F)cc2)oc2cc(N(C)S(C)(=O)=O)c(-c3ccc4nnn([C@H](CO)c5ccc(F)cc5)c(=O)c4c3)cc12,9.029,active
CHEMBL3955209,CNC(=O)c1c(-c2ccc(F)cc2)oc2cc(N(C)S(C)(=O)=O)c(-c3ccc4nnn([C@@H](COC)c5ccc(F)cc5)c(=O)c4c3)cc12,16.22,active
CHEMBL3927591,CNC(=O)c1c(-c2ccc(F)cc2)oc2cc(N(C)S(C)(=O)=O)c(-c3ccc4nnn(Cc5ccccc5)c(=O)c4c3)cc12,9.549,active
CHEMBL3968491,CNC(=O)c1c(-c2ccc(F)cc2)oc2cc(N(C)S(C)(=O)=O)c(-c3ccc4nnn(C(CO)c5ccccc5)c(=O)c4c3)cc12,9.659,active
CHEMBL3960796,CNC(=O)c1c(-c2ccc(F)cc2)oc2cc(N(C)S(C)(=O)=O)c(-c3ccc4nnn(Cc5ccc(F)cc5)c(=O)c4c3)cc12,10.53,active
CHEMBL3936097,CNC(=O)c1c(-c2ccc(F)cc2)oc2cc(N(C)S(C)(=O)=O)c(-c3ccc4nnn([C@@H](C)c5ccc(F)cc5)c(=O)c4c3)cc12,17.5,active
CHEMBL4109706,CNC(=O)c1c(-c2ccc(F)cc2)oc2cc(N(C)S(C)(=O)=O)c(-c3ccc4nnn([C@H](C)c5ccc(F)cc5)c(=O)c4c3)cc12,10.17,active
CHEMBL3927052,CNC(=O)c1c(-c2ccc(F)cc2)oc2cc(N(C)S(C)(=O)=O)c(-c3ccc4nnn(Cc5ccc(F)cc5OC)c(=O)c4c3)cc12,20.64,active
CHEMBL3964459,CNC(=O)c1c(-c2ccc(F)cc2)oc2cc(N(C)S(C)(=O)=O)c(-c3ccc4nnn(Cc5ccc(F)cn5)c(=O)c4c3)cc12,5.971,active
CHEMBL3949897,CNC(=O)c1c(-c2ccc(F)cc2)oc2cc(N(C)S(C)(=O)=O)c(-c3ccc4ncn(Cc5ccccc5)c(=O)c4c3)cc12,10.19,active
CHEMBL4109293,CNC(=O)c1c(-c2ccc(F)cc2)oc2cc(N(C)S(C)(=O)=O)c(-c3ccc4ncn([C@H](C)c5ccc(F)cc5)c(=O)c4c3)cc12,4.227,active
CHEMBL3898973,CNC(=O)c1c(-c2ccc(F)cc2)oc2cc(N(C)S(C)(=O)=O)c(-c3ccc4ncn(Cc5ccc(F)cc5OC)c(=O)c4c3)cc12,2.351,active
CHEMBL3889513,CNC(=O)c1c(-c2ccc(F)cc2)oc2cc(N(C)S(C)(=O)=O)c(-c3ccc4ncn(Cc5ccc(F)cn5)c(=O)c4c3)cc12,2.112,active
CHEMBL3930991,CNC(=O)c1c(-c2ccc(F)cc2)oc2cc(N(C)S(C)(=O)=O)c(-c3ccc4nc(COC)n(Cc5ccc(F)cc5)c(=O)c4c3)cc12,2.45,active
CHEMBL3958500,CNC(=O)c1c(-c2ccc(F)cc2)oc2cc(N(C)S(C)(=O)=O)c(-c3ccc4nc(CNC(C)=O)n(Cc5ccc(F)cc5)c(=O)c4c3)cc12,2.725,active
CHEMBL3961836,CNC(=O)c1c(-c2ccc(F)cc2)oc2cc(N(C)S(C)(=O)=O)c(-c3ccc4nc(C)n(Cc5ccc(F)cc5)c(=O)c4c3)cc12,2.421,active
CHEMBL4110048,CNC(=O)c1c(-c2ccc(F)cc2)oc2cc(N(C)S(C)(=O)=O)c(-c3ccc4nc(C)n([C@H](C)c5ccc(F)cc5)c(=O)c4c3)cc12,9.816,active
CHEMBL3972861,CNC(=O)c1c(-c2ccc(F)cc2)oc2cc(N(C)S(C)(=O)=O)c(-c3ccc4nc(C)n(Cc5ccc(F)cc5OC)c(=O)c4n3)cc12,8.996,active
CHEMBL3946725,CNC(=O)c1c(-c2ccc(F)cc2)oc2cc(N(C)S(C)(=O)=O)c(-c3ccc4nc(C)n(Cc5ccc(F)cc5F)c(=O)c4n3)cc12,3.629,active
CHEMBL3947778,CNC(=O)c1c(-c2ccc(F)cc2)oc2cc(N(C)S(C)(=O)=O)c(-c3ccc4nc(C)n([C@@H](COC)c5ccc(F)cc5)c(=O)c4n3)cc12,2.947,active
CHEMBL4109025,CNC(=O)c1c(-c2ccc(F)cc2)oc2cc(N(C)S(C)(=O)=O)c(-c3ccc4nc(C)n([C@H](CCO)c5ccc(F)cc5)c(=O)c4n3)cc12,4.059,active
CHEMBL4107186,CNC(=O)c1c(-c2ccc(F)cc2)oc2cc(N(C)S(C)(=O)=O)c(-c3ccc4nc(C)n([C@H](COC)c5ccc(F)cc5)c(=O)c4n3)cc12,3.768,active
CHEMBL3925436,CNC(=O)c1c(-c2ccc(F)cc2)oc2cc(N(C)S(C)(=O)=O)c(-c3ccc4nc(C)n(Cc5ccc(F)cc5)c(=O)c4n3)cc12,2.244,active
CHEMBL3983489,CNC(=O)c1c(-c2ccc(F)cc2)oc2cc(N(C)S(C)(=O)=O)c(-c3cc(OC)c4nc(C)n(Cc5ccc(F)cc5)c(=O)c4c3)cc12,10.06,active
CHEMBL3942127,CNC(=O)c1c(-c2ccc(F)cc2)oc2cc(N(C)S(C)(=O)=O)c(-c3cc4c(=O)n(Cc5ccc(F)cc5)nnc4cc3F)cc12,2.609,active
CHEMBL3961240,CNC(=O)c1c(-c2ccc(F)cc2)oc2cc(N(C)S(C)(=O)=O)c(-c3cc(OC)c4nnn(Cc5ccc(F)cc5)c(=O)c4c3)cc12,0.7817,active
CHEMBL3986495,CNC(=O)c1c(-c2ccc(F)cc2)oc2cc(N(C)S(C)(=O)=O)c(-c3cc4c(=O)n(Cc5ccc(F)cc5)nnc4cc3C)cc12,6.475,active
CHEMBL3949157,CNC(=O)c1c(-c2ccc(F)cc2)oc2cc(N(C)S(C)(=O)=O)c(-c3cc4c(=O)n(Cc5ccc(F)cc5)nnc4cc3Cl)cc12,7.652,active
CHEMBL3978278,CNC(=O)c1c(-c2ccc(F)cc2)oc2cc(N(C)S(C)(=O)=O)c(-c3cc(C)c4nnn(Cc5ccc(F)cc5)c(=O)c4c3)cc12,7.079,active
CHEMBL3921185,C=CC(=O)NC[C@H](NC(=O)NC(C)(C)C)C(=O)N1CC2[C@@H]([C@H]1C(=O)NC(CC1CCC1)C(=O)C(N)=O)C2(C)C,312.0,active
CHEMBL3921185,C=CC(=O)NC[C@H](NC(=O)NC(C)(C)C)C(=O)N1CC2[C@@H]([C@H]1C(=O)NC(CC1CCC1)C(=O)C(N)=O)C2(C)C,928.0,active
CHEMBL3921185,C=CC(=O)NC[C@H](NC(=O)NC(C)(C)C)C(=O)N1CC2[C@@H]([C@H]1C(=O)NC(CC1CCC1)C(=O)C(N)=O)C2(C)C,1090.0,intermediate
CHEMBL3927196,CC(C)=CC(=O)CC[C@H](NC(=O)OC(C)(C)C)C(=O)N1CC2[C@@H]([C@H]1C(=O)NC(CC1CCC1)C(=O)C(N)=O)C2(C)C,25.0,active
CHEMBL3983582,C=CC(=O)NC[C@H](NC(=O)[C@@H](NC(=O)c1cnccn1)C1CCCCC1)C(=O)N1C[C@@H]2CCC[C@@H]2[C@H]1C(=O)N[C@@H](CCC)C(=O)C(=O)NC1CC1,98.0,active
CHEMBL3921185,C=CC(=O)NC[C@H](NC(=O)NC(C)(C)C)C(=O)N1CC2[C@@H]([C@H]1C(=O)NC(CC1CCC1)C(=O)C(N)=O)C2(C)C,3000.0,intermediate
CHEMBL3921185,C=CC(=O)NC[C@H](NC(=O)NC(C)(C)C)C(=O)N1CC2[C@@H]([C@H]1C(=O)NC(CC1CCC1)C(=O)C(N)=O)C2(C)C,2550.0,intermediate
CHEMBL3921185,C=CC(=O)NC[C@H](NC(=O)NC(C)(C)C)C(=O)N1CC2[C@@H]([C@H]1C(=O)NC(CC1CCC1)C(=O)C(N)=O)C2(C)C,3000.0,intermediate
CHEMBL3921185,C=CC(=O)NC[C@H](NC(=O)NC(C)(C)C)C(=O)N1CC2[C@@H]([C@H]1C(=O)NC(CC1CCC1)C(=O)C(N)=O)C2(C)C,3000.0,intermediate
CHEMBL3927196,CC(C)=CC(=O)CC[C@H](NC(=O)OC(C)(C)C)C(=O)N1CC2[C@@H]([C@H]1C(=O)NC(CC1CCC1)C(=O)C(N)=O)C2(C)C,3000.0,intermediate
CHEMBL3927196,CC(C)=CC(=O)CC[C@H](NC(=O)OC(C)(C)C)C(=O)N1CC2[C@@H]([C@H]1C(=O)NC(CC1CCC1)C(=O)C(N)=O)C2(C)C,321.0,active
CHEMBL3927196,CC(C)=CC(=O)CC[C@H](NC(=O)OC(C)(C)C)C(=O)N1CC2[C@@H]([C@H]1C(=O)NC(CC1CCC1)C(=O)C(N)=O)C2(C)C,1050.0,intermediate
CHEMBL3927196,CC(C)=CC(=O)CC[C@H](NC(=O)OC(C)(C)C)C(=O)N1CC2[C@@H]([C@H]1C(=O)NC(CC1CCC1)C(=O)C(N)=O)C2(C)C,2070.0,intermediate
CHEMBL3983582,C=CC(=O)NC[C@H](NC(=O)[C@@H](NC(=O)c1cnccn1)C1CCCCC1)C(=O)N1C[C@@H]2CCC[C@@H]2[C@H]1C(=O)N[C@@H](CCC)C(=O)C(=O)NC1CC1,3000.0,intermediate
CHEMBL3983582,C=CC(=O)NC[C@H](NC(=O)[C@@H](NC(=O)c1cnccn1)C1CCCCC1)C(=O)N1C[C@@H]2CCC[C@@H]2[C@H]1C(=O)N[C@@H](CCC)C(=O)C(=O)NC1CC1,1150.0,intermediate
CHEMBL3983582,C=CC(=O)NC[C@H](NC(=O)[C@@H](NC(=O)c1cnccn1)C1CCCCC1)C(=O)N1C[C@@H]2CCC[C@@H]2[C@H]1C(=O)N[C@@H](CCC)C(=O)C(=O)NC1CC1,3000.0,intermediate
CHEMBL3983582,C=CC(=O)NC[C@H](NC(=O)[C@@H](NC(=O)c1cnccn1)C1CCCCC1)C(=O)N1C[C@@H]2CCC[C@@H]2[C@H]1C(=O)N[C@@H](CCC)C(=O)C(=O)NC1CC1,3000.0,intermediate
CHEMBL3954962,C=CC(=O)NC[C@H](NC(=O)[C@@H](NC(=O)c1cnccn1)C1CCCCC1)C(=O)N1C[C@@H]2CCC[C@@H]2[C@H]1C(=O)N[C@@H](CCC)C(OC(=O)C(F)(F)F)C(=O)NC1CC1,412.0,active
CHEMBL3954962,C=CC(=O)NC[C@H](NC(=O)[C@@H](NC(=O)c1cnccn1)C1CCCCC1)C(=O)N1C[C@@H]2CCC[C@@H]2[C@H]1C(=O)N[C@@H](CCC)C(OC(=O)C(F)(F)F)C(=O)NC1CC1,985.0,active
CHEMBL3954962,C=CC(=O)NC[C@H](NC(=O)[C@@H](NC(=O)c1cnccn1)C1CCCCC1)C(=O)N1C[C@@H]2CCC[C@@H]2[C@H]1C(=O)N[C@@H](CCC)C(OC(=O)C(F)(F)F)C(=O)NC1CC1,508.0,active
CHEMBL3921126,CC[C@@H]1C[C@]1(NC(=O)[C@@H]1C[C@@H](Oc2ncc(OC)c3ccc(Cl)cc23)CN1C(=O)[C@@H](NC(=O)OC(C)(C)C)C(C)(C)C)C(=O)NS(=O)(=O)C1CC1,5.0,active
CHEMBL4177477,COc1cnc(O[C@@H]2C[C@@H](C(=O)N[C@]3(C(=O)NS(=O)(=O)C4CC4)C[C@H]3CC(F)F)N(C(=O)[C@@H](NC(=O)OC(C)(C)C)C(C)(C)C)C2)c2cc(Cl)ccc12,14.0,active
CHEMBL4168149,COc1cnc(O[C@@H]2C[C@@H](C(=O)N[C@]3(C(=O)NS(=O)(=O)C4CC4)C[C@H]3C(F)(F)F)N(C(=O)[C@@H](NC(=O)OC(C)(C)C)C(C)(C)C)C2)c2cc(Cl)ccc12,17.0,active
CHEMBL4176000,COc1cnc(O[C@@H]2C[C@@H](C(=O)N[C@]3(C(=O)NS(=O)(=O)C4CC4)C[C@H]3C)N(C(=O)[C@@H](NC(=O)OC(C)(C)C)C(C)(C)C)C2)c2cc(Cl)ccc12,13.0,active
CHEMBL4171493,COc1cnc(O[C@@H]2C[C@@H](C(=O)N[C@@]3(C(=O)NS(=O)(=O)C4CC4)C[C@@H]3C(F)F)N(C(=O)[C@@H](NC(=O)OC(C)(C)C)C(C)(C)C)C2)c2cc(Cl)ccc12,12.0,active
CHEMBL4160876,COc1cnc(O[C@@H]2C[C@@H](C(=O)N[C@]3(C(=O)NS(=O)(=O)C4CC4)C[C@H]3C(F)F)N(C(=O)[C@@H](NC(=O)OC(C)(C)C)C(C)(C)C)C2)c2cc(Cl)ccc12,1.0,active
CHEMBL4161286,COc1cnc(O[C@@H]2C[C@@H](C(=O)NC3(C(=O)NS(=O)(=O)C4CC4)CCC3)N(C(=O)[C@@H](NC(=O)OC(C)(C)C)C(C)(C)C)C2)c2cc(Cl)ccc12,261.0,active
CHEMBL4169219,COc1ccc2c(O[C@@H]3C[C@@H](C(=O)NC(CC(F)F)C(=O)NS(=O)(=O)C4CC4)N(C(=O)[C@@H](NC(=O)OC(C)(C)C)C(C)(C)C)C3)cc(-c3ccccc3)nc2c1,1000.0,active
CHEMBL4164707,CC[C@@H](NC(=O)[C@@H]1C[C@@H](Oc2ncc(OC)c3ccc(Cl)cc23)CN1C(=O)[C@@H](NC(=O)OC(C)(C)C)C(C)(C)C)C(=O)NS(=O)(=O)C1CC1,7979.0,intermediate
CHEMBL4172603,CC[C@H](NC(=O)[C@@H]1C[C@@H](Oc2ncc(OC)c3ccc(Cl)cc23)CN1C(=O)[C@@H](NC(=O)OC(C)(C)C)C(C)(C)C)C(=O)NS(=O)(=O)C1CC1,3079.0,intermediate
CHEMBL4168077,COc1cnc(O[C@@H]2C[C@@H](C(=O)N[C@H](CC(F)F)C(=O)NS(=O)(=O)C3CC3)N(C(=O)[C@@H](NC(=O)OC(C)(C)C)C(C)(C)C)C2)c2cc(Cl)ccc12,2479.0,intermediate
CHEMBL4160158,COc1cnc(O[C@@H]2C[C@@H](C(=O)N[C@@H](CC(F)F)C(=O)NS(=O)(=O)C3CC3)N(C(=O)[C@@H](NC(=O)OC(C)(C)C)C(C)(C)C)C2)c2cc(Cl)ccc12,976.0,active
CHEMBL4159744,COc1cnc(O[C@@H]2C[C@@H](C(=O)NC3(C(=O)NS(=O)(=O)C4CC4)CC3)N(C(=O)[C@@H](NC(=O)OC(C)(C)C)C(C)(C)C)C2)c2cc(Cl)ccc12,40.0,active
CHEMBL4170379,COc1cnc(O[C@@H]2C[C@@H](C(=O)NC(C)(C)C(=O)NS(=O)(=O)C3CC3)N(C(=O)[C@@H](NC(=O)OC(C)(C)C)C(C)(C)C)C2)c2cc(Cl)ccc12,2194.0,intermediate
CHEMBL4174861,C=CC[C@](C)(NC(=O)[C@@H]1C[C@@H](Oc2ncc(OC)c3ccc(Cl)cc23)CN1C(=O)[C@@H](NC(=O)OC(C)(C)C)C(C)(C)C)C(=O)NS(=O)(=O)C1CC1,33000.0,inactive
CHEMBL3895075,COc1cnc(O[C@@H]2C[C@@H](C(=O)N[C@]3(C(=O)NS(=O)(=O)C4CC4)C[C@H]3C3CC3)N(C(=O)[C@@H](NC(=O)OC(C)(C)C)C(C)(C)C)C2)c2cc(Cl)ccc12,6.0,active
CHEMBL2105735,C=C[C@@H]1C[C@]1(NC(=O)[C@@H]1C[C@@H](Oc2ncc(OC)c3ccc(Cl)cc23)CN1C(=O)[C@@H](NC(=O)OC(C)(C)C)C(C)(C)C)C(=O)NS(=O)(=O)C1CC1,1.0,active
CHEMBL2403888,C=C[C@@H]1C[C@]1(NC(=O)[C@@H]1C[C@@H](Oc2nccc3cc(OC)ccc23)CN1C(=O)[C@@H](NC(=O)OC(C)(C)C)C(C)(C)C)C(=O)NS(=O)(=O)C1CC1,2.0,active
CHEMBL2105735,C=C[C@@H]1C[C@]1(NC(=O)[C@@H]1C[C@@H](Oc2ncc(OC)c3ccc(Cl)cc23)CN1C(=O)[C@@H](NC(=O)OC(C)(C)C)C(C)(C)C)C(=O)NS(=O)(=O)C1CC1,1.0,active
CHEMBL4224705,C=C[C@@H]1C[C@]1(NC(=O)[C@@H]1C[C@@H](Oc2nccc3cc(OC)ccc23)CN1C(=O)[C@@H](NC(=O)NC(C)(C)C)C(C)(C)C)C(=O)NS(=O)(=O)C1CC1,0.7,active
CHEMBL4225561,C=C[C@@H]1C[C@]1(NC(=O)[C@@H]1C[C@@H](Oc2nccc3cc(OC)ccc23)CN1C(=O)[C@@H](NC(=O)N[C@@H](C(=O)OC)C(C)C)C(C)(C)C)C(=O)NS(=O)(=O)C1CC1,3.5,active
CHEMBL4229052,C=C[C@@H]1C[C@]1(NC(=O)[C@@H]1C[C@@H](Oc2nccc3cc(OC)ccc23)CN1C(=O)[C@@H](NC(=O)N[C@H](C(=O)OC)C(C)C)C(C)(C)C)C(=O)NS(=O)(=O)C1CC1,0.46,active
CHEMBL4225301,C=C[C@@H]1C[C@]1(NC(=O)[C@@H]1C[C@@H](Oc2nccc3cc(OC)ccc23)CN1C(=O)[C@@H](NC(=O)N[C@@H](C)C(C)(C)C)C(C)(C)C)C(=O)NS(=O)(=O)C1CC1,0.82,active
CHEMBL4228791,C=C[C@@H]1C[C@]1(NC(=O)[C@@H]1C[C@@H](Oc2nccc3cc(OC)ccc23)CN1C(=O)[C@@H](NC(=O)N[C@H](C)C(C)(C)C)C(C)(C)C)C(=O)NS(=O)(=O)C1CC1,0.22,active
CHEMBL4225027,C=C[C@@H]1C[C@]1(NC(=O)[C@@H]1C[C@@H](Oc2nccc3cc(OC)ccc23)CN1C(=O)[C@@H](NC(=O)N[C@H]1C(=O)OCC1(C)C)C(C)(C)C)C(=O)NS(=O)(=O)C1CC1,23.0,active
CHEMBL4228533,C=C[C@@H]1C[C@]1(NC(=O)[C@@H]1C[C@@H](Oc2nccc3cc(OC)ccc23)CN1C(=O)[C@@H](NC(=O)N[C@@H]1C(=O)OCC1(C)C)C(C)(C)C)C(=O)NS(=O)(=O)C1CC1,0.9,active
CHEMBL4227401,C=C[C@@H]1C[C@]1(NC(=O)[C@@H]1C[C@@H](Oc2nccc3cc(OC)ccc23)CN1C(=O)[C@@H](NC(=O)N[C@@H](C)COC)C(C)(C)C)C(=O)NS(=O)(=O)C1CC1,2.5,active
CHEMBL4228282,C=C[C@@H]1C[C@]1(NC(=O)[C@@H]1C[C@@H](Oc2nccc3cc(OC)ccc23)CN1C(=O)[C@@H](NC(=O)N[C@@H](CC)COC)C(C)(C)C)C(=O)NS(=O)(=O)C1CC1,2.0,active
CHEMBL4229110,C=C[C@@H]1C[C@]1(NC(=O)[C@@H]1C[C@@H](Oc2nccc3cc(OC)ccc23)CN1C(=O)[C@@H](NC(=O)N[C@H](COC)C(C)C)C(C)(C)C)C(=O)NS(=O)(=O)C1CC1,0.44,active
CHEMBL4225514,C=C[C@@H]1C[C@]1(NC(=O)[C@@H]1C[C@@H](Oc2nccc3cc(OC)ccc23)CN1C(=O)[C@@H](NC(=O)N[C@H](COC)[C@@H](C)CC)C(C)(C)C)C(=O)NS(=O)(=O)C1CC1,0.4,active
CHEMBL4225051,C=C[C@@H]1C[C@]1(NC(=O)[C@@H]1C[C@@H](Oc2nccc3cc(OC)ccc23)CN1C(=O)[C@@H](NC(=O)N[C@H](COC)C(C)(C)C)C(C)(C)C)C(=O)NS(=O)(=O)C1CC1,0.3,active
CHEMBL4227396,C=C[C@@H]1C[C@]1(NC(=O)[C@@H]1C[C@@H](Oc2nccc3cc(OC)ccc23)CN1C(=O)[C@@H](NC(=O)N[C@H](COC)CC(C)C)C(C)(C)C)C(=O)NS(=O)(=O)C1CC1,1.2,active
CHEMBL4226548,C=C[C@@H]1C[C@]1(NC(=O)[C@@H]1C[C@@H](Oc2nccc3cc(OC)ccc23)CN1C(=O)[C@@H](NC(=O)N[C@H](COC)c1ccccc1)C(C)(C)C)C(=O)NS(=O)(=O)C1CC1,2.6,active
CHEMBL4226979,C=C[C@@H]1C[C@]1(NC(=O)[C@@H]1C[C@@H](Oc2nccc3cc(OC)ccc23)CN1C(=O)[C@@H](NC(=O)N[C@H](COC)Cc1ccccc1)C(C)(C)C)C(=O)NS(=O)(=O)C1CC1,4.7,active
CHEMBL4225768,C=C[C@@H]1C[C@]1(NC(=O)[C@@H]1C[C@@H](Oc2nccc3cc(OC)ccc23)CN1C(=O)[C@@H](NC(=O)N[C@H](C(=O)OC)C(C)(C)C)C(C)(C)C)C(=O)NS(=O)(=O)C1CC1,0.34,active
CHEMBL4226876,C=C[C@@H]1C[C@]1(NC(=O)[C@@H]1C[C@@H](Oc2nccc3cc(OC)ccc23)CN1C(=O)[C@@H](NC(=O)N[C@H](C(=O)OC(C)(C)C)C(C)(C)C)C(C)(C)C)C(=O)NS(=O)(=O)C1CC1,0.19,active
CHEMBL4226033,C=C[C@@H]1C[C@]1(NC(=O)[C@@H]1C[C@@H](Oc2nccc3cc(OC)ccc23)CN1C(=O)[C@@H](NC(=O)N[C@H](C(=O)O)C(C)(C)C)C(C)(C)C)C(=O)NS(=O)(=O)C1CC1,0.05,active
CHEMBL4228440,C=C[C@@H]1C[C@]1(NC(=O)[C@@H]1C[C@@H](Oc2nccc3cc(OC)ccc23)CN1C(=O)[C@@H](NC(=O)N[C@H](C(N)=O)C(C)(C)C)C(C)(C)C)C(=O)NS(=O)(=O)C1CC1,0.24,active
CHEMBL4225009,C=C[C@@H]1C[C@]1(NC(=O)[C@@H]1C[C@@H](Oc2nccc3cc(OC)ccc23)CN1C(=O)[C@@H](NC(=O)N[C@H](C(=O)NCc1ccccc1)C(C)(C)C)C(C)(C)C)C(=O)NS(=O)(=O)C1CC1,0.21,active
CHEMBL4225149,C=C[C@@H]1C[C@]1(NC(=O)[C@@H]1C[C@@H](Oc2nccc3cc(OC)ccc23)CN1C(=O)[C@@H](NC(=O)N[C@H](C(=O)N1CCN(c2ncccn2)CC1)C(C)(C)C)C(C)(C)C)C(=O)NS(=O)(=O)C1CC1,0.27,active
CHEMBL414993,C=C[C@@H]1C[C@]1(NC(=O)[C@@H]1C[C@@H](Oc2cc(-c3ccccc3)nc3cc(OC)ccc23)CN1C(=O)[C@@H](NC(=O)OC(C)(C)C)C(C)(C)C)C(=O)NS(=O)(=O)C1CC1,4.5,active
CHEMBL4224849,C=C[C@@H]1C[C@]1(NC(=O)[C@@H]1C[C@@H](Oc2cc(-c3ccccc3)nc3cc(OC)ccc23)CN1C(=O)[C@@H](NC(=O)NC(C)(C)C)C(C)(C)C)C(=O)NS(=O)(=O)C1CC1,4.6,active
CHEMBL4227183,C=C[C@@H]1C[C@]1(NC(=O)[C@@H]1C[C@@H](Oc2cc(-c3ccccc3)nc3cc(OC)ccc23)CN1C(=O)[C@@H](NC(=O)NC1CCCC1)C(C)(C)C)C(=O)NS(=O)(=O)C1CC1,8.0,active
CHEMBL4229158,C=C[C@@H]1C[C@]1(NC(=O)[C@@H]1C[C@@H](Oc2cc(-c3ccccc3)nc3cc(OC)ccc23)CN1C(=O)[C@@H](NC(=O)N(C)C(C)(C)C)C(C)(C)C)C(=O)NS(=O)(=O)C1CC1,2.3,active
CHEMBL4227273,C=C[C@@H]1C[C@]1(NC(=O)[C@@H]1C[C@@H](Oc2cc(-c3ccccc3)nc3cc(OC)ccc23)CN1C(=O)[C@@H](N(C)C(=O)NC1CCCC1)C(C)(C)C)C(=O)NS(=O)(=O)C1CC1,945.0,active
CHEMBL4224783,C=C[C@@H]1C[C@]1(NC(=O)[C@@H]1C[C@@H](Oc2cc(-c3ccccc3)nc3cc(OC)ccc23)CN1C(=O)[C@H]([C@@H](C)CC)N(C)C(=O)NC1CCCC1)C(=O)NS(=O)(=O)C1CC1,35.0,active
CHEMBL4225716,C=C[C@@H]1C[C@]1(NC(=O)[C@@H]1C[C@@H](Oc2cc(-c3ccccc3)nc3cc(OC)ccc23)CN1C(=O)[C@H]([C@@H](C)CC)N(C)C(=O)NC(C)(C)C)C(=O)NS(=O)(=O)C1CC1,2.8,active
CHEMBL4228080,C=C[C@@H]1C[C@]1(NC(=O)[C@@H]1C[C@@H](Oc2nccc3cc(OC)ccc23)CN1C(=O)[C@@H](NC(=O)N(C)C(C)(C)C)C(C)(C)C)C(=O)NS(=O)(=O)C1CC1,10.0,active
CHEMBL4228402,C=C[C@@H]1C[C@]1(NC(=O)[C@@H]1C[C@@H](Oc2nccc3cc(OC)ccc23)CN1C(=O)[C@@H](NC(=O)N(C)[C@H](C(=O)OC)C(C)C)C(C)(C)C)C(=O)NS(=O)(=O)C1CC1,1.7,active
CHEMBL4228717,C=C[C@@H]1C[C@]1(NC(=O)[C@@H]1C[C@@H](Oc2cc(-c3ccccc3)nc3cc(OC)ccc23)CN1C(=O)[C@@H](OC(=O)NC(C)(C)C)C(C)(C)C)C(=O)NS(=O)(=O)C1CC1,13.0,active
CHEMBL4225245,C=C[C@@H]1C[C@]1(NC(=O)[C@@H]1C[C@@H](Oc2cc(-c3ccccc3)nc3cc(OC)ccc23)CN1C(=O)[C@@H](OC(=O)NC1CCCC1)C(C)(C)C)C(=O)NS(=O)(=O)C1CC1,11.0,active
CHEMBL4228457,C=C[C@@H]1C[C@]1(NC(=O)[C@@H]1C[C@@H](Oc2cc(-c3ccccc3)nc3cc(OC)ccc23)CN1C(=O)[C@@H](OC(=O)NC(C)C)C(C)(C)C)C(=O)NS(=O)(=O)C1CC1,12.0,active
CHEMBL2403888,C=C[C@@H]1C[C@]1(NC(=O)[C@@H]1C[C@@H](Oc2nccc3cc(OC)ccc23)CN1C(=O)[C@@H](NC(=O)OC(C)(C)C)C(C)(C)C)C(=O)NS(=O)(=O)C1CC1,187.0,active
CHEMBL4224705,C=C[C@@H]1C[C@]1(NC(=O)[C@@H]1C[C@@H](Oc2nccc3cc(OC)ccc23)CN1C(=O)[C@@H](NC(=O)NC(C)(C)C)C(C)(C)C)C(=O)NS(=O)(=O)C1CC1,59.0,active
CHEMBL4225561,C=C[C@@H]1C[C@]1(NC(=O)[C@@H]1C[C@@H](Oc2nccc3cc(OC)ccc23)CN1C(=O)[C@@H](NC(=O)N[C@@H](C(=O)OC)C(C)C)C(C)(C)C)C(=O)NS(=O)(=O)C1CC1,327.0,active
CHEMBL4229052,C=C[C@@H]1C[C@]1(NC(=O)[C@@H]1C[C@@H](Oc2nccc3cc(OC)ccc23)CN1C(=O)[C@@H](NC(=O)N[C@H](C(=O)OC)C(C)C)C(C)(C)C)C(=O)NS(=O)(=O)C1CC1,33.0,active
CHEMBL4225301,C=C[C@@H]1C[C@]1(NC(=O)[C@@H]1C[C@@H](Oc2nccc3cc(OC)ccc23)CN1C(=O)[C@@H](NC(=O)N[C@@H](C)C(C)(C)C)C(C)(C)C)C(=O)NS(=O)(=O)C1CC1,114.0,active
CHEMBL4228791,C=C[C@@H]1C[C@]1(NC(=O)[C@@H]1C[C@@H](Oc2nccc3cc(OC)ccc23)CN1C(=O)[C@@H](NC(=O)N[C@H](C)C(C)(C)C)C(C)(C)C)C(=O)NS(=O)(=O)C1CC1,42.0,active
CHEMBL4227401,C=C[C@@H]1C[C@]1(NC(=O)[C@@H]1C[C@@H](Oc2nccc3cc(OC)ccc23)CN1C(=O)[C@@H](NC(=O)N[C@@H](C)COC)C(C)(C)C)C(=O)NS(=O)(=O)C1CC1,172.0,active
CHEMBL4228282,C=C[C@@H]1C[C@]1(NC(=O)[C@@H]1C[C@@H](Oc2nccc3cc(OC)ccc23)CN1C(=O)[C@@H](NC(=O)N[C@@H](CC)COC)C(C)(C)C)C(=O)NS(=O)(=O)C1CC1,121.0,active
CHEMBL4229110,C=C[C@@H]1C[C@]1(NC(=O)[C@@H]1C[C@@H](Oc2nccc3cc(OC)ccc23)CN1C(=O)[C@@H](NC(=O)N[C@H](COC)C(C)C)C(C)(C)C)C(=O)NS(=O)(=O)C1CC1,31.0,active
CHEMBL4225514,C=C[C@@H]1C[C@]1(NC(=O)[C@@H]1C[C@@H](Oc2nccc3cc(OC)ccc23)CN1C(=O)[C@@H](NC(=O)N[C@H](COC)[C@@H](C)CC)C(C)(C)C)C(=O)NS(=O)(=O)C1CC1,17.0,active
CHEMBL4225051,C=C[C@@H]1C[C@]1(NC(=O)[C@@H]1C[C@@H](Oc2nccc3cc(OC)ccc23)CN1C(=O)[C@@H](NC(=O)N[C@H](COC)C(C)(C)C)C(C)(C)C)C(=O)NS(=O)(=O)C1CC1,14.0,active
CHEMBL4227396,C=C[C@@H]1C[C@]1(NC(=O)[C@@H]1C[C@@H](Oc2nccc3cc(OC)ccc23)CN1C(=O)[C@@H](NC(=O)N[C@H](COC)CC(C)C)C(C)(C)C)C(=O)NS(=O)(=O)C1CC1,66.0,active
CHEMBL4226548,C=C[C@@H]1C[C@]1(NC(=O)[C@@H]1C[C@@H](Oc2nccc3cc(OC)ccc23)CN1C(=O)[C@@H](NC(=O)N[C@H](COC)c1ccccc1)C(C)(C)C)C(=O)NS(=O)(=O)C1CC1,184.0,active
CHEMBL4226979,C=C[C@@H]1C[C@]1(NC(=O)[C@@H]1C[C@@H](Oc2nccc3cc(OC)ccc23)CN1C(=O)[C@@H](NC(=O)N[C@H](COC)Cc1ccccc1)C(C)(C)C)C(=O)NS(=O)(=O)C1CC1,226.0,active
CHEMBL4225768,C=C[C@@H]1C[C@]1(NC(=O)[C@@H]1C[C@@H](Oc2nccc3cc(OC)ccc23)CN1C(=O)[C@@H](NC(=O)N[C@H](C(=O)OC)C(C)(C)C)C(C)(C)C)C(=O)NS(=O)(=O)C1CC1,19.0,active
CHEMBL4226876,C=C[C@@H]1C[C@]1(NC(=O)[C@@H]1C[C@@H](Oc2nccc3cc(OC)ccc23)CN1C(=O)[C@@H](NC(=O)N[C@H](C(=O)OC(C)(C)C)C(C)(C)C)C(C)(C)C)C(=O)NS(=O)(=O)C1CC1,59.0,active
CHEMBL4226033,C=C[C@@H]1C[C@]1(NC(=O)[C@@H]1C[C@@H](Oc2nccc3cc(OC)ccc23)CN1C(=O)[C@@H](NC(=O)N[C@H](C(=O)O)C(C)(C)C)C(C)(C)C)C(=O)NS(=O)(=O)C1CC1,9.0,active
CHEMBL4228440,C=C[C@@H]1C[C@]1(NC(=O)[C@@H]1C[C@@H](Oc2nccc3cc(OC)ccc23)CN1C(=O)[C@@H](NC(=O)N[C@H](C(N)=O)C(C)(C)C)C(C)(C)C)C(=O)NS(=O)(=O)C1CC1,14.0,active
CHEMBL4225009,C=C[C@@H]1C[C@]1(NC(=O)[C@@H]1C[C@@H](Oc2nccc3cc(OC)ccc23)CN1C(=O)[C@@H](NC(=O)N[C@H](C(=O)NCc1ccccc1)C(C)(C)C)C(C)(C)C)C(=O)NS(=O)(=O)C1CC1,23.0,active
CHEMBL4225149,C=C[C@@H]1C[C@]1(NC(=O)[C@@H]1C[C@@H](Oc2nccc3cc(OC)ccc23)CN1C(=O)[C@@H](NC(=O)N[C@H](C(=O)N1CCN(c2ncccn2)CC1)C(C)(C)C)C(C)(C)C)C(=O)NS(=O)(=O)C1CC1,19.0,active
CHEMBL414993,C=C[C@@H]1C[C@]1(NC(=O)[C@@H]1C[C@@H](Oc2cc(-c3ccccc3)nc3cc(OC)ccc23)CN1C(=O)[C@@H](NC(=O)OC(C)(C)C)C(C)(C)C)C(=O)NS(=O)(=O)C1CC1,18.0,active
CHEMBL4224849,C=C[C@@H]1C[C@]1(NC(=O)[C@@H]1C[C@@H](Oc2cc(-c3ccccc3)nc3cc(OC)ccc23)CN1C(=O)[C@@H](NC(=O)NC(C)(C)C)C(C)(C)C)C(=O)NS(=O)(=O)C1CC1,7.0,active
CHEMBL4227183,C=C[C@@H]1C[C@]1(NC(=O)[C@@H]1C[C@@H](Oc2cc(-c3ccccc3)nc3cc(OC)ccc23)CN1C(=O)[C@@H](NC(=O)NC1CCCC1)C(C)(C)C)C(=O)NS(=O)(=O)C1CC1,3.2,active
CHEMBL4229158,C=C[C@@H]1C[C@]1(NC(=O)[C@@H]1C[C@@H](Oc2cc(-c3ccccc3)nc3cc(OC)ccc23)CN1C(=O)[C@@H](NC(=O)N(C)C(C)(C)C)C(C)(C)C)C(=O)NS(=O)(=O)C1CC1,8.7,active
CHEMBL4225245,C=C[C@@H]1C[C@]1(NC(=O)[C@@H]1C[C@@H](Oc2cc(-c3ccccc3)nc3cc(OC)ccc23)CN1C(=O)[C@@H](OC(=O)NC1CCCC1)C(C)(C)C)C(=O)NS(=O)(=O)C1CC1,277.0,active
CHEMBL2403888,C=C[C@@H]1C[C@]1(NC(=O)[C@@H]1C[C@@H](Oc2nccc3cc(OC)ccc23)CN1C(=O)[C@@H](NC(=O)OC(C)(C)C)C(C)(C)C)C(=O)NS(=O)(=O)C1CC1,95.0,active
CHEMBL4224705,C=C[C@@H]1C[C@]1(NC(=O)[C@@H]1C[C@@H](Oc2nccc3cc(OC)ccc23)CN1C(=O)[C@@H](NC(=O)NC(C)(C)C)C(C)(C)C)C(=O)NS(=O)(=O)C1CC1,34.0,active
CHEMBL4225561,C=C[C@@H]1C[C@]1(NC(=O)[C@@H]1C[C@@H](Oc2nccc3cc(OC)ccc23)CN1C(=O)[C@@H](NC(=O)N[C@@H](C(=O)OC)C(C)C)C(C)(C)C)C(=O)NS(=O)(=O)C1CC1,433.0,active
CHEMBL4229052,C=C[C@@H]1C[C@]1(NC(=O)[C@@H]1C[C@@H](Oc2nccc3cc(OC)ccc23)CN1C(=O)[C@@H](NC(=O)N[C@H](C(=O)OC)C(C)C)C(C)(C)C)C(=O)NS(=O)(=O)C1CC1,71.0,active
CHEMBL4225301,C=C[C@@H]1C[C@]1(NC(=O)[C@@H]1C[C@@H](Oc2nccc3cc(OC)ccc23)CN1C(=O)[C@@H](NC(=O)N[C@@H](C)C(C)(C)C)C(C)(C)C)C(=O)NS(=O)(=O)C1CC1,158.0,active
CHEMBL4228791,C=C[C@@H]1C[C@]1(NC(=O)[C@@H]1C[C@@H](Oc2nccc3cc(OC)ccc23)CN1C(=O)[C@@H](NC(=O)N[C@H](C)C(C)(C)C)C(C)(C)C)C(=O)NS(=O)(=O)C1CC1,81.0,active
CHEMBL4227401,C=C[C@@H]1C[C@]1(NC(=O)[C@@H]1C[C@@H](Oc2nccc3cc(OC)ccc23)CN1C(=O)[C@@H](NC(=O)N[C@@H](C)COC)C(C)(C)C)C(=O)NS(=O)(=O)C1CC1,170.0,active
CHEMBL4228282,C=C[C@@H]1C[C@]1(NC(=O)[C@@H]1C[C@@H](Oc2nccc3cc(OC)ccc23)CN1C(=O)[C@@H](NC(=O)N[C@@H](CC)COC)C(C)(C)C)C(=O)NS(=O)(=O)C1CC1,171.0,active
CHEMBL4229110,C=C[C@@H]1C[C@]1(NC(=O)[C@@H]1C[C@@H](Oc2nccc3cc(OC)ccc23)CN1C(=O)[C@@H](NC(=O)N[C@H](COC)C(C)C)C(C)(C)C)C(=O)NS(=O)(=O)C1CC1,60.0,active
CHEMBL4225514,C=C[C@@H]1C[C@]1(NC(=O)[C@@H]1C[C@@H](Oc2nccc3cc(OC)ccc23)CN1C(=O)[C@@H](NC(=O)N[C@H](COC)[C@@H](C)CC)C(C)(C)C)C(=O)NS(=O)(=O)C1CC1,72.0,active
CHEMBL4225051,C=C[C@@H]1C[C@]1(NC(=O)[C@@H]1C[C@@H](Oc2nccc3cc(OC)ccc23)CN1C(=O)[C@@H](NC(=O)N[C@H](COC)C(C)(C)C)C(C)(C)C)C(=O)NS(=O)(=O)C1CC1,26.0,active
CHEMBL4227396,C=C[C@@H]1C[C@]1(NC(=O)[C@@H]1C[C@@H](Oc2nccc3cc(OC)ccc23)CN1C(=O)[C@@H](NC(=O)N[C@H](COC)CC(C)C)C(C)(C)C)C(=O)NS(=O)(=O)C1CC1,201.0,active
CHEMBL4226548,C=C[C@@H]1C[C@]1(NC(=O)[C@@H]1C[C@@H](Oc2nccc3cc(OC)ccc23)CN1C(=O)[C@@H](NC(=O)N[C@H](COC)c1ccccc1)C(C)(C)C)C(=O)NS(=O)(=O)C1CC1,524.0,active
CHEMBL4226979,C=C[C@@H]1C[C@]1(NC(=O)[C@@H]1C[C@@H](Oc2nccc3cc(OC)ccc23)CN1C(=O)[C@@H](NC(=O)N[C@H](COC)Cc1ccccc1)C(C)(C)C)C(=O)NS(=O)(=O)C1CC1,265.0,active
CHEMBL4225768,C=C[C@@H]1C[C@]1(NC(=O)[C@@H]1C[C@@H](Oc2nccc3cc(OC)ccc23)CN1C(=O)[C@@H](NC(=O)N[C@H](C(=O)OC)C(C)(C)C)C(C)(C)C)C(=O)NS(=O)(=O)C1CC1,41.0,active
CHEMBL4226876,C=C[C@@H]1C[C@]1(NC(=O)[C@@H]1C[C@@H](Oc2nccc3cc(OC)ccc23)CN1C(=O)[C@@H](NC(=O)N[C@H](C(=O)OC(C)(C)C)C(C)(C)C)C(C)(C)C)C(=O)NS(=O)(=O)C1CC1,93.0,active
CHEMBL4226033,C=C[C@@H]1C[C@]1(NC(=O)[C@@H]1C[C@@H](Oc2nccc3cc(OC)ccc23)CN1C(=O)[C@@H](NC(=O)N[C@H](C(=O)O)C(C)(C)C)C(C)(C)C)C(=O)NS(=O)(=O)C1CC1,11.0,active
CHEMBL4228440,C=C[C@@H]1C[C@]1(NC(=O)[C@@H]1C[C@@H](Oc2nccc3cc(OC)ccc23)CN1C(=O)[C@@H](NC(=O)N[C@H](C(N)=O)C(C)(C)C)C(C)(C)C)C(=O)NS(=O)(=O)C1CC1,16.0,active
CHEMBL4225009,C=C[C@@H]1C[C@]1(NC(=O)[C@@H]1C[C@@H](Oc2nccc3cc(OC)ccc23)CN1C(=O)[C@@H](NC(=O)N[C@H](C(=O)NCc1ccccc1)C(C)(C)C)C(C)(C)C)C(=O)NS(=O)(=O)C1CC1,15.0,active
CHEMBL4225149,C=C[C@@H]1C[C@]1(NC(=O)[C@@H]1C[C@@H](Oc2nccc3cc(OC)ccc23)CN1C(=O)[C@@H](NC(=O)N[C@H](C(=O)N1CCN(c2ncccn2)CC1)C(C)(C)C)C(C)(C)C)C(=O)NS(=O)(=O)C1CC1,18.0,active
CHEMBL414993,C=C[C@@H]1C[C@]1(NC(=O)[C@@H]1C[C@@H](Oc2cc(-c3ccccc3)nc3cc(OC)ccc23)CN1C(=O)[C@@H](NC(=O)OC(C)(C)C)C(C)(C)C)C(=O)NS(=O)(=O)C1CC1,18.0,active
CHEMBL4224849,C=C[C@@H]1C[C@]1(NC(=O)[C@@H]1C[C@@H](Oc2cc(-c3ccccc3)nc3cc(OC)ccc23)CN1C(=O)[C@@H](NC(=O)NC(C)(C)C)C(C)(C)C)C(=O)NS(=O)(=O)C1CC1,7.4,active
CHEMBL4227183,C=C[C@@H]1C[C@]1(NC(=O)[C@@H]1C[C@@H](Oc2cc(-c3ccccc3)nc3cc(OC)ccc23)CN1C(=O)[C@@H](NC(=O)NC1CCCC1)C(C)(C)C)C(=O)NS(=O)(=O)C1CC1,16.0,active
CHEMBL4229158,C=C[C@@H]1C[C@]1(NC(=O)[C@@H]1C[C@@H](Oc2cc(-c3ccccc3)nc3cc(OC)ccc23)CN1C(=O)[C@@H](NC(=O)N(C)C(C)(C)C)C(C)(C)C)C(=O)NS(=O)(=O)C1CC1,17.0,active
CHEMBL4225245,C=C[C@@H]1C[C@]1(NC(=O)[C@@H]1C[C@@H](Oc2cc(-c3ccccc3)nc3cc(OC)ccc23)CN1C(=O)[C@@H](OC(=O)NC1CCCC1)C(C)(C)C)C(=O)NS(=O)(=O)C1CC1,843.0,active
CHEMBL2063090,C=C[C@@H]1C[C@]1(NC(=O)[C@@H]1C[C@@H]2CN1C(=O)[C@H](C(C)(C)C)NC(=O)O[C@@H]1C[C@H]1CCCCCc1nc3ccc(OC)cc3nc1O2)C(=O)NS(=O)(=O)C1CC1,2.0,active
CHEMBL4649647,CC(=O)N[C@@H](C(=O)O)C(=O)N[C@@H](CCC(=O)O)C(=O)N[C@H](C(=O)N[C@H](C(=O)N1C[C@H](OCc2ccccc2)C[C@H]1C(=O)NC1(C(=O)O)CC1)C(C)C)C1CCCCC1,51.0,active
CHEMBL4640558,CC(=O)N[C@@H](C(=O)O)C(=O)N[C@@H](CCC(=O)O)C(=O)N[C@H](C(=O)N[C@H](C(=O)N1C[C@H](OCc2ccccc2)C[C@H]1C(=O)NC(CS)C(=O)O)C(C)C)C1CCCCC1,33.0,active
CHEMBL4632418,COc1ccc2cc(O[C@@H]3C[C@@H](C(=O)NC4(C(=O)O)CC4)N(C(=O)[C@@H](NC(=O)[C@@H](NC(C)=O)C4CCCCC4)C(C)C)C3)cnc2c1,800.0,active
CHEMBL4641913,CC(C)C[C@H](NC[C@H](CC(=O)O)NC(=O)[C@H](CC1CCCCC1)NC(=O)[C@@H]1CCCC[C@H]1C(=O)O)C(N)=O,15000.0,inactive
CHEMBL258734,CC(C)(C)OC(=O)N[C@H]1CCCCC/C=C\[C@@H]2C[C@@]2(C(=O)NS(=O)(=O)C2CC2)NC(=O)[C@@H]2C[C@@H](OC(=O)N3Cc4cccc(F)c4C3)CN2C1=O,0.2,active
CHEMBL4287268,COc1ccc2c(O[C@@H]3C[C@H]4C(=O)N[C@]5(C(=O)NS(=O)(=O)C6CC6)C[C@H]5/C=C/CCCCN(C)C(=O)[C@@H]4C3)cc(-c3nc(C(C)C)cs3)nc2c1C,3.0,active
CHEMBL4448001,Cc1cc(NC(=O)Cc2csc(NS(=O)(=O)c3ccccc3)n2)ccc1Br,2200.0,intermediate
CHEMBL4517125,Cc1ccc(S(=O)(=O)Nc2ccccc2C(=O)Nc2nc3c(Cl)ccc(Cl)c3s2)cc1,1600.0,intermediate
CHEMBL5192990,CC(C)c1ccc(NC(=O)N[C@@H](Cc2c[nH]c3ccccc23)C(=O)NCCCN2CCCCC2)cc1,4600.0,intermediate
CHEMBL5172547,[2H]C([2H])([2H])Oc1cc2ccnc(O[C@@H]3C[C@H]4C(=O)N[C@]5(C(=O)NS(=O)(=O)C6(C)CC6)C[C@H]5/C=C/CC[C@@H](C)C[C@@H](CC)[C@H](NC(=O)OC(C)(C)C(F)(F)F)C(=O)N4C3)c2cc1F,4.8,active
CHEMBL5184599,CCC[C@H](NC(=O)[C@@H]1[C@H]2CCC[C@H]2CN1C(=O)[C@@H](NC(=O)[C@@H](NC(=O)c1cnc(C(=O)NCCOCCOCCOc2cc3c4c(cccc4c2)C(=O)N(C2CCC(=O)NC2=O)C3=O)cn1)C1CCCCC1)C(C)(C)C)C(=O)C(=O)NC1CC1,247.0,active
CHEMBL3126842,COc1ccc2c(c1)[C@@H]1C[C@]1(C(=O)N1C3CCC1CN(C)C3)Cn1c-2c(C2CCCCC2)c2ccc(C(=O)NS(=O)(=O)N(C)C)cc21,3.3,active
CHEMBL295844,COc1ccc2c(O[C@@H]3C[C@H]4C(=O)N[C@]5(C(=O)O)C[C@H]5/C=C\CCCCC[C@H](NC(=O)OC(C)(C)C)C(=O)N4C3)cc(-c3ccccc3)nc2c1,3.0,active
CHEMBL72695,CCC[C@H](NC(=O)[C@@H]1CCCN1C(=O)[C@@H](NC(=O)[C@@H](NC(=O)[C@H](CC(=O)O)NC(=O)[C@H](CC(=O)O)NC(C)=O)[C@@H](C)CC)C(C)C)C(=O)O,150000.0,inactive
CHEMBL75558,CC(=O)N[C@H](C(=O)N[C@H](C(=O)N1C[C@H](OCc2cccc3ccccc23)C[C@H]1C(=O)NC1(C(=O)O)CC1)C(C)C)C1CCCCC1,3500.0,intermediate
CHEMBL295844,COc1ccc2c(O[C@@H]3C[C@H]4C(=O)N[C@]5(C(=O)O)C[C@H]5/C=C\CCCCC[C@H](NC(=O)OC(C)(C)C)C(=O)N4C3)cc(-c3ccccc3)nc2c1,11.0,active
CHEMBL3126842,COc1ccc2c(c1)[C@@H]1C[C@]1(C(=O)N1C3CCC1CN(C)C3)Cn1c-2c(C2CCCCC2)c2ccc(C(=O)NS(=O)(=O)N(C)C)cc21,4.2,active
CHEMBL3126842,COc1ccc2c(c1)[C@@H]1C[C@]1(C(=O)N1C3CCC1CN(C)C3)Cn1c-2c(C2CCCCC2)c2ccc(C(=O)NS(=O)(=O)N(C)C)cc21,165.0,active
CHEMBL3126842,COc1ccc2c(c1)[C@@H]1C[C@]1(C(=O)N1C3CCC1CN(C)C3)Cn1c-2c(C2CCCCC2)c2ccc(C(=O)NS(=O)(=O)N(C)C)cc21,164.0,active
CHEMBL3126842,COc1ccc2c(c1)[C@@H]1C[C@]1(C(=O)N1C3CCC1CN(C)C3)Cn1c-2c(C2CCCCC2)c2ccc(C(=O)NS(=O)(=O)N(C)C)cc21,1.8,active
CHEMBL3126842,COc1ccc2c(c1)[C@@H]1C[C@]1(C(=O)N1C3CCC1CN(C)C3)Cn1c-2c(C2CCCCC2)c2ccc(C(=O)NS(=O)(=O)N(C)C)cc21,19.9,active
CHEMBL3126842,COc1ccc2c(c1)[C@@H]1C[C@]1(C(=O)N1C3CCC1CN(C)C3)Cn1c-2c(C2CCCCC2)c2ccc(C(=O)NS(=O)(=O)N(C)C)cc21,4.8,active
CHEMBL3126842,COc1ccc2c(c1)[C@@H]1C[C@]1(C(=O)N1C3CCC1CN(C)C3)Cn1c-2c(C2CCCCC2)c2ccc(C(=O)NS(=O)(=O)N(C)C)cc21,61.6,active
